username,gender,prediction
imamusaller,NB,M
lilamayhiggins,F,F
jonosapien,M,M
EdConsult01581,F,M
TheOneTAR,NB,M
akeisha09,F,F
JeremyCShipp,NB,M
SheWasHer,F,F
jvlioedel,NB,NB
_MistyGraves_,NB,NB
dodgethistweet,M,M
JuliusGoat,M,M
MrJoeJenkins,M,F
philcritchley,M,M
BilldeBlasio,M,M
gwtrev,M,M
ogflavorsstan,NB,NB
darcy,M,F
kevinlwei,NB,F
sunildasgupta4,M,F
2014ORTOY,M,M
angraleigh,F,M
__livvv_,F,M
riccjohn,M,M
milokp,NB,M
KevinYa13099403,M,M
almost5feet,F,M
TheWallner,F,M
d0tdotter,NB,F
DN_Bryn,NB,NB
bensheldon,M,M
Swell09,F,M
kristanshawgo,F,F
kim_hoyos,F,F
ArtioMurphy,NB,F
NadkarniNamrata,F,F
jana_aych_ess,NB,NB
BlakeleyJenn,F,F
AN_Goldstein,F,F
Jen_Ingham,F,F
leahtova,NB,NB
HistoryMuppet,M,M
PonderEducation,M,F
JeremyCShipp,NB,M
WispsOfLove,NB,M
WritNelson,M,M
JeremyCShipp,NB,NB
rlorenxo,NB,F
CindyPAndrew1,F,F
austen_writes_,NB,NB
khal_essie,F,NB
RisukaMisai,NB,NB
inspirasian51,NB,NB
BlueRoseNZ,F,NB
trechriron,M,F
_mpoe,NB,M
lalonsocorona,NB,NB
wilko_lauren,NB,F
cluelessthembo,NB,M
hesterchill,NB,F
FamDoc_Forest,F,F
theMattDouglas,M,F
Khoshtistic,M,NB
prickly_boi,NB,NB
lbdehertogh,F,M
KateLechler,F,NB
NadkarniNamrata,F,F
zachhynes,M,M
TwitchWasHere,NB,M
JessiHonard,F,F
Maybe_Ketamine,F,F
Merc_Wolfmoor,NB,NB
shesthefirst,F,F
JoEatsFood,NB,NB
JasonCMarvin,M,M
clubnobbie,M,M
CindyPAndrew1,F,F
VioletFireBee,NB,F
CommsGeekJamie,F,F
centralscot,M,F
nicycle,F,F
hawklord2112,M,M
goth_theyfriend,NB,F
SpenserStarke,M,M
nylah_reviews,F,F
theMattDouglas,M,F
jmugele,M,F
chordaetendinae,NB,F
darcy,M,F
JamilaMHammami,NB,F
thicket,F,NB
_mpoe,NB,NB
dm56892,NB,F
gojirama,F,F
TisforTMI,F,NB
SunshineChasing,F,F
mr_shiny,M,M
alisonailea,NB,NB
mcnees,M,M
dogbitebaby,NB,NB
They_Goblin,NB,NB
__livvv_,F,NB
msmegmassey,F,F
imamusaller,NB,M
newsmansimon,M,F
IndoorWTF,M,F
zannalyons,F,F
HistoryNed,M,M
JamilaMHammami,NB,F
Spatial_Punk,NB,NB
BucketheadCase,M,M
lburkins,F,M
anthoknees,NB,NB
catrocketship,NB,M
JeremyCShipp,NB,M
TrackerJessica,F,F
Ironjotun,F,M
wilko_lauren,NB,F
ShesHerOwnCEO,F,F
James_C_Mccloy,M,F
BroussardRhonda,F,F
TheyThemTheEli,NB,NB
kim_alloway,NB,NB
lilamayhiggins,F,F
pastordj,M,F
graciedactyl,F,M
DeNovo_Fatima,F,F
RHicks,F,M
gsnedders,NB,M
anders_d_k,M,F
marteki,F,M
JohannesEvans,M,NB
chrisgwilliams,M,M
Debbieterras,F,F
lilamayhiggins,F,F
inspirasian51,NB,NB
wyrdgaest,M,NB
PNambyar,NB,M
LWPBdotnet,F,M
gpshead,M,F
Dr_Ronx,NB,NB
hesterchill,NB,M
TimLumpkins,M,F
jvlioedel,NB,NB
Kmlaffs,F,F
rlorenxo,NB,NB
wilko_lauren,NB,F
KrisEmilyMD,F,F
gojirama,F,NB
JVTrev,NB,NB
TheBlackFemVeg,NB,M
TheyThemTheEli,NB,NB
oakandfur,M,M
shamarbeverly,M,NB
nickytonline,M,F
Candi,F,F
mawillcockson,NB,M
debdef,F,F
chordaetendinae,NB,F
Casually_Jay,M,NB
alisonailea,NB,M
roeldobbe,M,M
wilko_lauren,NB,F
wilko_lauren,NB,F
Scuffsta,NB,F
isaacangelz,NB,NB
allyrosecoll,F,F
pastriesandcake,F,M
kercoby,NB,NB
momdragana,M,NB
Casually_Jay,M,NB
ryanlpainter,M,F
Nylons,F,F
JessiHonard,F,F
cwalterswrite,M,F
josueisbaby,NB,M
lilamayhiggins,F,F
CommsGeekJamie,F,F
lburkins,F,F
Ravelyn,F,F
amyunchained,NB,NB
MyQueerAccount,NB,NB
andreacollier,F,F
anders_d_k,M,NB
rob_kabobb,M,F
dm56892,NB,F
ScritchfieldRD,F,F
TonyChatman,M,M
immacuIatechaos,NB,NB
peachmakkoli,NB,NB
StephenGKrueger,NB,F
UA_Mr_Harrell,M,M
gpshead,M,F
KevinIrvineChi,M,F
M_A_Ormerod,M,F
IncredibleHulko,F,F
jguard_24,M,M
tiffanymjewell,F,F
JuliusGoat,M,M
RachEttinger,F,NB
vinayaravind,M,M
nagnagnag,M,M
brenda_slomka,F,M
meaganintx,F,M
becky__wong,F,F
BeckyAnnison,F,F
AshleyThaoDam,NB,NB
SParSuperStar,F,F
DanitheEngineer,F,F
JennaMagnuski,F,M
zannalyons,F,F
goldman,M,M
AtomicFirebird,NB,M
gantpants,M,NB
_runfatgirlrun,F,M
Echo_Heo,NB,NB
annaecook,F,NB
ShannonNara,F,F
grooveplex,M,M
abbsnocon,F,F
wilko_lauren,NB,F
belchetron,M,F
MillennialXpert,F,F
dm56892,NB,M
zannalyons,F,F
m__fluke,NB,NB
AliceSkary,NB,NB
pastriesandcake,F,F
hawklord2112,M,M
TimLumpkins,M,F
AlexHarrowSFF,NB,NB
chic0junit,M,F
philcritchley,M,M
prmorphine,M,M
jguard_24,M,F
llimcole,F,F
HistoryNed,M,M
EEADHorne,F,F
nicycle,F,M
RisukaMisai,NB,NB
mcnees,M,M
CHeartsTrees,F,F
thegaythey,NB,M
sorenwork,NB,F
Stacyc55,F,F
TonyChatman,M,M
TheWallner,F,F
leahtova,NB,NB
Mr_He_Me_Him,M,M
gauravsabnis,M,M
maxmasure,NB,NB
helllpapii,NB,NB
camikaos,F,NB
carr_8,F,F
anthoknees,NB,NB
IndoorWTF,M,M
TheAtomicMommy,F,F
They_Goblin,NB,NB
2014ORTOY,M,M
Rebecca__Rouse,F,F
HerArtSheLoves,F,M
kim_hoyos,F,F
2014ORTOY,M,F
MsMandyJ,F,F
justjerdi,F,F
KrisEmilyMD,F,F
tstockstein,F,F
TrinityTheTuck,NB,F
TallTechy,F,F
anuomni,NB,NB
fleshloathe,NB,NB
niamhnichuilinn,F,F
efboltz,F,M
BryanLakatos,M,F
TheBlackFemVeg,NB,F
geexella,NB,NB
teachingmissk,F,F
Candi,F,F
smolqueerdragon,F,NB
blanketperson,M,F
sjw_LauraKinney,NB,M
Whilhorst,M,M
ogflavorsstan,NB,NB
IanCrookshank,M,M
kristanshawgo,F,M
EliPresidente,M,M
burst0fhope,NB,M
M_A_Ormerod,M,F
_GreyWhite,NB,M
kim_hoyos,F,NB
RLynneHarris,F,F
WritNelson,M,M
ShannonNara,F,F
RiderOfBrohon,NB,NB
LELIAHSADE,NB,NB
HESherman,M,M
AddieDomske,F,NB
DonnaSteff,F,F
lizfromsela,F,F
Theclairrock,NB,F
KateLechler,F,NB
MeeraCK,F,F
gauravsabnis,M,F
brittnhasty,F,F
FamDoc_Forest,F,F
JohannesEvans,M,M
DomDiFurio,M,M
Jen_Ingham,F,F
shelvethebooks,NB,NB
pancake_bitch,NB,M
BlueRoseNZ,F,NB
mischief_nerd,NB,M
justjerdi,F,F
PNambyar,NB,NB
victoriagrows,NB,M
RHicks,F,F
chordaetendinae,NB,F
immacuIatechaos,NB,NB
VioletFireBee,NB,F
RaymondForbes,M,M
inspirasian51,NB,M
JonathanJR732,M,F
hiddeninabook,F,F
HistoryNed,M,M
EviKline,F,F
TheVersian,NB,M
JAMEE_NICOLEE,NB,M
TheJasonGreene,M,M
peachmakkoli,NB,F
DN_Bryn,NB,NB
RisukaMisai,NB,F
dogbitebaby,NB,NB
RobKendt,M,M
juniperinlatin,NB,NB
Kolonakimou,NB,M
adapperprof,F,NB
burst0fhope,NB,NB
dudleypj,M,NB
HESherman,M,F
brittnhasty,F,F
underscoretire,M,NB
RLynneHarris,F,F
jathko,M,M
RLynneHarris,F,F
bensheldon,M,M
imamusaller,NB,F
MsMandyJ,F,F
ellenblunsdon,F,NB
suffolkvicar,M,M
smolnswole,NB,M
prickly_boi,NB,NB
JAMEE_NICOLEE,NB,F
KateEMontgomery,F,F
_runfatgirlrun,F,NB
mjgiarlo,M,NB
CherylRainfield,F,F
BilldeBlasio,M,M
CABreretonKY,F,M
TawnyRoseCase,NB,NB
almost5feet,F,F
AndiDealsPoker,F,F
jamsternazzy,NB,NB
QuirkyQwerssie,NB,M
RachEttinger,F,M
ClariceDAiello,F,F
gpshead,M,F
momdragana,M,NB
Zenorobster,M,F
LeslieJoy1,F,F
PupTetris,NB,NB
M_A_Ormerod,M,M
Rebecca__Rouse,F,F
zannalyons,F,F
davemusson,M,F
wilko_lauren,NB,F
vinayaravind,M,M
jamsternazzy,NB,NB
thegaythey,NB,F
startupjedi,M,M
carriefox,F,F
sekisetsu,NB,NB
M_A_Ormerod,M,F
traviszinnel,M,F
DN_Bryn,NB,NB
theredseraph,M,M
graciedactyl,F,F
Tsikbalichmaya,M,M
DanaeWriting,NB,NB
JVTrev,NB,M
Candi,F,M
gayspacepilot,NB,NB
sunildasgupta4,M,M
TheOneTAR,NB,NB
Kmlaffs,F,F
znmeb,M,NB
catrocketship,NB,M
BeverlyYanuaria,F,F
isaacangelz,NB,M
RHicks,F,F
JamilaMHammami,NB,F
NadkarniNamrata,F,F
tiffanymjewell,F,NB
paymentsexpert,M,M
suffolkvicar,M,M
AddieDomske,F,F
fairytopialex,NB,NB
JasonCMarvin,M,M
CurtisCChen,M,M
smolnswole,NB,NB
Archainis,M,M
leilazadeh,F,M
TheVersian,NB,M
shengxiaoyu,F,F
pastordj,M,M
AKapilashrami,F,F
RaymondForbes,M,F
TheMudlily,F,F
ogflavorsstan,NB,NB
Aliwaba,F,M
thegaythey,NB,M
VioletFireBee,NB,F
newsmansimon,M,M
dalehirt,M,F
momdragana,M,NB
oakandfur,M,NB
BeckyAnnison,F,F
zannalyons,F,F
cpa12k,NB,F
mawillcockson,NB,M
_Auntie_Aimee,F,F
jamsternazzy,NB,NB
_Auntie_Aimee,F,M
hawklord2112,M,M
joelcadams,M,F
RiaOtero,F,M
gauravsabnis,M,F
MC_of_A,M,M
graciedactyl,F,F
CherylRainfield,F,F
magdajoyce,F,F
becky__wong,F,F
cwalterswrite,M,M
leilazadeh,F,M
robiliciousnz,M,M
transzoeperry,F,M
ForWyo,F,F
rob_kabobb,M,F
AlfredLewislll,M,NB
shesthefirst,F,F
erinkburrell,F,F
juliannebrands,F,M
coreyevanmusic,M,M
CHeartsTrees,F,M
StringBassMotiv,M,M
momdragana,M,NB
itswalela,NB,F
marteki,F,F
HESherman,M,M
TisforTMI,F,F
theshenners,NB,NB
magdajoyce,F,F
axhawk,M,M
OhHeyDJ,M,M
rlorenxo,NB,M
Khoshtistic,M,NB
StephenGKrueger,NB,NB
SpenserStarke,M,F
kevinspenst,M,F
jamestallosi,M,M
gwtrev,M,M
gauravsabnis,M,M
neonmoonmilk,NB,M
JCKronin,NB,F
TheAtomicMommy,F,F
tiffanymjewell,F,F
jonnysun,M,NB
AndiDealsPoker,F,F
skpodila,F,F
sjw_LauraKinney,NB,M
efboltz,F,F
Shedrawsnigh,F,M
jonrosenberg,M,M
sunildasgupta4,M,M
ogflavorsstan,NB,NB
TrackerJessica,F,F
blanketperson,M,F
KotaLee11,NB,NB
BeckyAnnison,F,M
NifMuhammad,M,M
momdragana,M,NB
kvetchingguru,M,M
SweetVanLoan,F,F
obeykaedra,NB,NB
iGregoryJohnson,M,F
victoriagrows,NB,M
smolnswole,NB,NB
suffolkvicar,M,M
Dr_Ronx,NB,NB
paymentsexpert,M,M
JAMEE_NICOLEE,NB,F
ryanlpainter,M,F
juniperinlatin,NB,NB
iGregoryJohnson,M,M
cluelessthembo,NB,NB
KevinYa13099403,M,M
MrChambersMS,M,F
slayerscommathe,NB,F
kiran_oliver,NB,NB
fleshloathe,NB,NB
Whilhorst,M,M
suffolkvicar,M,M
TheVersian,NB,M
the_jasper_jane,NB,NB
PossumOtroy,NB,NB
namesescapeme,F,F
bybencarrier,M,M
goth_theyfriend,NB,NB
dadiva18,F,NB
WritNelson,M,M
PNambyar,NB,M
gpshead,M,M
abbsnocon,F,F
centralscot,M,M
TwitchWasHere,NB,NB
JessiHonard,F,F
joelcadams,M,F
jonnysun,M,NB
TheTattooedProf,M,M
darcy,M,F
skpodila,F,F
ScritchfieldRD,F,F
Booker4KY,M,M
IanCrookshank,M,F
BeckyAnnison,F,F
IncredibleHulko,F,F
TheOneTAR,NB,NB
RachEttinger,F,F
dm56892,NB,M
lilamayhiggins,F,F
chic0junit,M,M
chic0junit,M,F
jetharrington,F,M
JasonCMarvin,M,NB
PaulKawika,M,M
chic0junit,M,M
nevadawolfe,M,F
JamilaMHammami,NB,F
LanceBass,M,F
kat_cahill,F,F
JasonCMarvin,M,F
gordonjdruby,M,M
ladiesbewild,F,NB
dogbitebaby,NB,NB
shamarbeverly,M,NB
KateEMontgomery,F,F
Der_Pesse,M,F
geexella,NB,NB
estebanuribe,M,F
cluelessthembo,NB,NB
abbsnocon,F,F
Tsikbalichmaya,M,F
2014ORTOY,M,NB
tstockstein,F,F
HerArtSheLoves,F,F
HESherman,M,F
PVeritySuarez,F,F
AshleyThaoDam,NB,NB
HESherman,M,M
clubnobbie,M,M
JVTrev,NB,NB
juniperinlatin,NB,NB
_mpoe,NB,NB
annaecook,F,NB
wyrdgaest,M,F
Dorktagnan,NB,F
briantschu,M,F
desikitteh,NB,F
paymentsexpert,M,F
TheObeeReardon,F,F
JamilaMHammami,NB,F
RachEttinger,F,F
gojirama,F,M
nextpivotpoint,F,F
TheyThemTheEli,NB,M
Carla_TTBA,F,F
pastriesandcake,F,F
sjw_LauraKinney,NB,NB
brenda_slomka,F,F
TerriMLeBlanc,F,F
shmuel,M,M
__livvv_,F,NB
MartinezforMD,M,F
docpalindrome,M,M
peachmakkoli,NB,NB
JessiHonard,F,M
PonderEducation,M,F
_Auntie_Aimee,F,F
thzinc,M,M
BilldeBlasio,M,M
becky__wong,F,M
pancake_bitch,NB,M
prickly_boi,NB,NB
DuaneAnders,M,M
gsnedders,NB,NB
magdajoyce,F,F
jensinkler,F,NB
TeamSallySez,F,M
calvincamps,NB,F
amberlynprince,F,F
SignifiedAutre,NB,NB
zephariouself,NB,M
AN_Goldstein,F,M
niamhnichuilinn,F,M
TallTechy,F,F
LeslieJoy1,F,F
leahtova,NB,M
namesescapeme,F,F
BroussardRhonda,F,F
legalizegoblins,NB,NB
smarmyliberal,F,M
lilamayhiggins,F,F
zachhynes,M,M
MWSchollenberg,M,F
nagnagnag,M,M
amberlynprince,F,F
thelizzypearl,F,F
denn_daddy,M,M
gordonjdruby,M,M
cyanbloomm,NB,NB
trobedsbitch,M,NB
cpa12k,NB,M
gordonjdruby,M,M
BlakeleyJenn,F,F
goldman,M,M
StacyRex,NB,F
Anne_Kanopi,F,F
BigggRusss,M,F
austen_writes_,NB,M
RukhsanaSyed,F,F
wilko_lauren,NB,F
cyanbloomm,NB,NB
joy_hoffman,F,F
OhHeyDJ,M,M
RobKendt,M,F
Rebecca__Rouse,F,F
JeremyCShipp,NB,M
KrisEmilyMD,F,F
AGirlOfHerWords,F,M
traviszinnel,M,F
DomDiFurio,M,M
lbdehertogh,F,F
pastordj,M,M
MWSchollenberg,M,M
StacyRex,NB,NB
dudleypj,M,M
AndiDealsPoker,F,F
SpenserStarke,M,NB
riymix,M,M
jhinthony,M,NB
DanceforMyself,NB,F
JeremyCShipp,NB,M
Dr_Ronx,NB,NB
darkskintrudeau,NB,NB
SweetVanLoan,F,NB
MillennialXpert,F,F
PNambyar,NB,M
AJbigbadWolff,F,NB
juniperinlatin,NB,NB
TrackerJessica,F,F
AtomicFirebird,NB,F
jetharrington,F,NB
KrisEmilyMD,F,M
austen_writes_,NB,NB
fdmts,M,F
allyrosecoll,F,F
dlabeach,M,M
showardtweets,F,F
wilko_lauren,NB,F
robertemilem,M,M
scotryder,M,M
JamieSuchomel,F,F
chordaetendinae,NB,F
JaimeLidgard,NB,NB
dudleypj,M,M
DanitheEngineer,F,F
ryanlpainter,M,F
joy_hoffman,F,F
shmuel,M,F
zachhynes,M,F
gsnedders,NB,NB
jmugele,M,M
crewmanalex,NB,NB
crewmanalex,NB,NB
carr_8,F,F
zannalyons,F,F
msmegmassey,F,M
Ravelyn,F,F
Casually_Jay,M,NB
wyrdgaest,M,F
slayerscommathe,NB,NB
denn_daddy,M,NB
ShaughnessyEmmy,F,F
_MistyGraves_,NB,NB
sr_brownwriter,NB,NB
_GreyWhite,NB,M
QuirkyQwerssie,NB,M
joelcadams,M,F
dogbitebaby,NB,NB
robiliciousnz,M,M
leah_kelley,F,F
TwitchWasHere,NB,NB
AtomicFirebird,NB,NB
AngSuperPowers,F,F
TrackerJessica,F,F
carriefox,F,F
clubnobbie,M,F
kurtistowne,NB,NB
_awwsmm,M,F
poemsboutpoetry,M,NB
werekoyote,NB,NB
OhHeyDJ,M,NB
jamestallosi,M,F
kevinlwei,NB,F
transzoeperry,F,F
mischief_nerd,NB,NB
allisonelliots,NB,NB
burst0fhope,NB,NB
almost5feet,F,NB
RLynneHarris,F,F
RobKendt,M,M
Mr_He_Me_Him,M,M
gayspacepilot,NB,NB
nicycle,F,M
CHeartsTrees,F,F
coreyevanmusic,M,M
kat_cahill,F,F
luxxe_ember,NB,NB
wilko_lauren,NB,F
DeannaDanger,NB,NB
RTWeirdZ,M,F
goldenthem,NB,NB
annaecook,F,NB
MrChambersMS,M,M
Harrysgd,F,F
poemsboutpoetry,M,NB
brenda_slomka,F,F
mr_shiny,M,M
Calcifer_S,NB,NB
LeslieJoy1,F,F
dadiva18,F,F
trobedsbitch,M,NB
traviszinnel,M,F
luxxe_ember,NB,NB
AlyssaGins,F,F
TimLumpkins,M,M
BigggRusss,M,M
ryanlpainter,M,M
itswalela,NB,M
WritNelson,M,M
zannalyons,F,F
fdmts,M,M
RobKendt,M,M
TeamSallySez,F,F
asg__creations,NB,NB
momdragana,M,NB
thelizzypearl,F,F
gauravsabnis,M,M
jessicaeburke,F,M
AKapilashrami,F,F
They_Goblin,NB,NB
sekisetsu,NB,NB
magdajoyce,F,F
_MistyGraves_,NB,NB
TerriMLeBlanc,F,M
startupjedi,M,M
sekisetsu,NB,NB
juliannebrands,F,F
wyrdgaest,M,NB
Rebecca__Rouse,F,F
BilldeBlasio,M,M
SheWasHer,F,NB
everestpipkin,NB,NB
RachEttinger,F,NB
llimcole,F,F
Dorktagnan,NB,M
PNambyar,NB,M
MrJoeJenkins,M,M
sorenwork,NB,NB
cpa12k,NB,F
theshenners,NB,M
ShannonNara,F,F
gemmacaf,F,F
cybershaz,F,M
meghancaves,F,F
immacuIatechaos,NB,NB
milokp,NB,NB
gsnedders,NB,NB
TheWallner,F,F
Shedrawsnigh,F,NB
robiliciousnz,M,M
zachhynes,M,M
Jen_Ingham,F,F
smolnswole,NB,NB
okiewhaler,M,M
AngSuperPowers,F,F
Archainis,M,M
devicenull,M,M
IanCrookshank,M,F
tiffanymjewell,F,F
jonosapien,M,M
showardtweets,F,M
sorenwork,NB,F
TheVersian,NB,M
Khoshtistic,M,NB
DanceforMyself,NB,F
AlfredLewislll,M,NB
jguard_24,M,M
theredseraph,M,NB
estebanuribe,M,M
brittnhasty,F,F
scotryder,M,F
alightningrod,NB,M
TallTechy,F,F
mertotter,M,M
DN_Bryn,NB,NB
allisonelliots,NB,NB
rlorenxo,NB,NB
EviKline,F,F
TheRevMDM,M,M
enemyoftrust,NB,NB
DanceforMyself,NB,F
KateLechler,F,NB
TheRevMDM,M,NB
RHicks,F,F
debdef,F,F
TisforTMI,F,F
Harrysgd,F,M
briantschu,M,M
docpalindrome,M,M
gauravsabnis,M,M
LeslieJoy1,F,F
4damHall,M,M
leftside,M,M
babybirkinbag,NB,NB
almost5feet,F,M
dan_foreman_EC,M,F
jmugele,M,M
trobedsbitch,M,NB
sapphicgiant,M,NB
Kmlaffs,F,F
fleshloathe,NB,NB
Scuffsta,NB,F
MSHenriksen,M,F
VS_Holmes,NB,M
pattonsanders_q,M,M
ellenblunsdon,F,NB
llimcole,F,F
BenSandfelder,M,M
BeckyAnnison,F,M
juliannebrands,F,F
abbsnocon,F,M
denn_daddy,M,M
cluelessthembo,NB,NB
catrocketship,NB,M
JamieSuchomel,F,F
Me_Like_Shiny,NB,NB
JennyFloria,F,F
robiliciousnz,M,F
belchetron,M,F
zachhynes,M,M
Khoshtistic,M,NB
zanejchen,M,M
kristanshawgo,F,F
Ravelyn,F,NB
lizfromsela,F,F
amberlynprince,F,F
robertemilem,M,M
slayerscommathe,NB,NB
Ashismcrtrash,M,NB
gordonjdruby,M,F
amberlynprince,F,F
AddieDomske,F,F
RTWeirdZ,M,F
Primalglow,F,F
emilyfleuriot,F,F
Swell09,F,F
pancake_bitch,NB,M
Audiophilomilo,M,M
joe_yer99,M,M
tstockstein,F,F
robainbinder,M,M
simplybellion,M,NB
luxxe_ember,NB,NB
carr_8,F,F
AimiHamraie,NB,NB
TheVersian,NB,NB
marcscheff,M,F
Booker4KY,M,M
LauraJDouds,NB,NB
__livvv_,F,M
PeterJKuo,M,F
luxxe_ember,NB,NB
RTWeirdZ,M,NB
JamieSuchomel,F,F
msmegmassey,F,M
tstockstein,F,F
hiddeninabook,F,F
IndoorWTF,M,NB
CommsGeekJamie,F,F
blanketperson,M,F
joelcadams,M,M
CherylRainfield,F,F
_mpoe,NB,M
BenSandfelder,M,M
Booker4KY,M,M
jessicaeburke,F,M
paymentsexpert,M,F
arcticisleteach,F,F
EEADHorne,F,F
RobKendt,M,M
maxmasure,NB,F
BlindMikah_Kez,NB,NB
helllpapii,NB,NB
JennyFloria,F,F
pastriesandcake,F,F
prickly_boi,NB,NB
TerriMLeBlanc,F,F
PaulKawika,M,M
CindyPAndrew1,F,F
SweetVanLoan,F,F
AN_Goldstein,F,F
kat_cahill,F,M
kitsisto,NB,F
JohannesEvans,M,NB
TheJasonGreene,M,M
nickytonline,M,F
dan_abramov,M,M
ellenblunsdon,F,NB
kurtistowne,NB,NB
smolqueerdragon,F,NB
ForWyo,F,F
dudleypj,M,M
Ironjotun,F,NB
BenSandfelder,M,NB
JuliusGoat,M,M
Kmlaffs,F,F
kevinlwei,NB,F
Shedrawsnigh,F,F
lemonicelou,NB,NB
KateLechler,F,NB
smolqueerdragon,F,NB
James_C_Mccloy,M,M
kat_cahill,F,M
JennaMagnuski,F,F
gayspacepilot,NB,NB
Scuffsta,NB,NB
joy_hoffman,F,NB
brittnhasty,F,F
e_p82,M,M
stevie__mx,NB,NB
ogflavorsstan,NB,NB
newsmansimon,M,M
FredTJoseph,M,M
chic0junit,M,M
luxxe_ember,NB,NB
DanaeWriting,NB,NB
wee_bairn,M,NB
eswtang,M,M
cluelessthembo,NB,NB
dogbitebaby,NB,NB
jana_aych_ess,NB,NB
BroussardRhonda,F,F
They_Goblin,NB,NB
Harrysgd,F,F
Me_Like_Shiny,NB,NB
_Auntie_Aimee,F,F
emilyfleuriot,F,F
JCKronin,NB,NB
DadBeard,M,M
JennyFloria,F,F
TisforTMI,F,NB
MacaqueyFreedom,NB,M
pattonsanders_q,M,NB
LELIAHSADE,NB,NB
JuliusGoat,M,M
magdajoyce,F,F
tstockstein,F,F
enemyoftrust,NB,M
TheJasonGreene,M,F
KevinJFellows,M,F
clubnobbie,M,M
Stacyc55,F,M
makmakdaddy,F,M
maxmasure,NB,F
AimiHamraie,NB,F
SidewaysSiren,NB,NB
DanitheEngineer,F,F
JonathanJR732,M,F
dadiva18,F,F
DeNovo_Fatima,F,F
RiderOfBrohon,NB,M
isaacangelz,NB,NB
jmugele,M,M
becky__wong,F,F
jonnysun,M,M
StephenGKrueger,NB,F
AlexHarrowSFF,NB,M
TheyThemTheEli,NB,NB
goldman,M,M
teachingmissk,F,M
zephariouself,NB,NB
WispsOfLove,NB,NB
zachhynes,M,M
denn_daddy,M,NB
cyanbloomm,NB,NB
kim_alloway,NB,NB
burst0fhope,NB,F
TwitchWasHere,NB,M
AKapilashrami,F,F
fmanjoo,NB,M
RuthEJBooth,NB,M
estebanuribe,M,M
alightningrod,NB,F
HeyDoryen,NB,M
sjw_LauraKinney,NB,M
ShesHerOwnCEO,F,F
kmishmael,F,F
mr_shiny,M,M
TallTechy,F,F
sekisetsu,NB,NB
Booker4KY,M,M
grooveplex,M,M
Nancy_RS_Parson,F,NB
prmorphine,M,M
TheyThemTheEli,NB,NB
MacaqueyFreedom,NB,NB
jmugele,M,NB
cwalterswrite,M,F
emilyfleuriot,F,F
almost5feet,F,F
AKapilashrami,F,F
cluelessthembo,NB,NB
RachEttinger,F,NB
JennyFloria,F,F
SpenserStarke,M,F
SpenserStarke,M,F
PossumOtroy,NB,M
jamsternazzy,NB,NB
samleehartsock,F,F
prmorphine,M,M
jmugele,M,M
leftside,M,M
PeterJKuo,M,F
Ashismcrtrash,M,NB
oddin85,M,F
StormyBuckets,NB,M
MillennialXpert,F,F
victoriagrows,NB,F
JuliusGoat,M,M
efboltz,F,F
vkatariya8,M,NB
KimberlyGrommes,F,NB
shelvethebooks,NB,NB
debdef,F,F
joe_yer99,M,M
gpshead,M,M
rlorenxo,NB,NB
StacyRex,NB,NB
khal_essie,F,NB
suffolkvicar,M,M
namesescapeme,F,F
asg__creations,NB,NB
Shedrawsnigh,F,F
PrestonMitchum,M,F
Rebecca__Rouse,F,F
ClariceDAiello,F,F
peachmakkoli,NB,NB
LeslieJoy1,F,F
oddin85,M,NB
transzoeperry,F,M
wyrdgaest,M,NB
dodgethistweet,M,F
legalizegoblins,NB,NB
Khoshtistic,M,NB
khal_essie,F,F
thzinc,M,F
TheJasonGreene,M,F
BucketheadCase,M,M
Calcifer_S,NB,NB
brendajos,F,F
acbowen,M,M
SunshineChasing,F,F
lilamayhiggins,F,F
AmmehMorton,NB,F
They_Goblin,NB,M
TheVersian,NB,NB
loeyjopez07,M,M
everestpipkin,NB,NB
WispsOfLove,NB,M
TheAtomicMommy,F,F
MrJoeJenkins,M,F
JamilaMHammami,NB,M
everestpipkin,NB,NB
stephrwhite11,F,F
zephariouself,NB,NB
TeamSallySez,F,F
zannalyons,F,F
JeremyCShipp,NB,M
shmuel,M,F
theredseraph,M,NB
joe_yer99,M,NB
becky__wong,F,M
dan_abramov,M,M
CABreretonKY,F,M
AlexHarrowSFF,NB,NB
ArtioMurphy,NB,NB
roeldobbe,M,M
KimberlyGrommes,F,F
mcnees,M,M
suffolkvicar,M,M
AlyssaGins,F,F
milokp,NB,M
SidewaysSiren,NB,NB
becky__wong,F,F
CABreretonKY,F,F
RuthEJBooth,NB,M
kim_alloway,NB,NB
DomDiFurio,M,M
meghancaves,F,F
startupjedi,M,F
zachhynes,M,M
nickytonline,M,M
HESherman,M,M
juniperinlatin,NB,NB
MillennialXpert,F,F
gemmacaf,F,M
MsMandyJ,F,F
BowtiesBooks,NB,M
suffolkvicar,M,M
stephrwhite11,F,F
sjforman99,M,NB
cwalterswrite,M,M
roeldobbe,M,M
leftside,M,M
BucketheadCase,M,M
jonnysun,M,NB
camikaos,F,M
Shedrawsnigh,F,F
LanceBass,M,F
TheJasonGreene,M,F
JaimeLidgard,NB,M
BlakeleyJenn,F,F
justjerdi,F,F
brendajos,F,F
kevinlwei,NB,F
leftside,M,M
BeverlyYanuaria,F,F
partlycara,NB,NB
erinkburrell,F,M
EEADHorne,F,M
prickly_boi,NB,NB
CommsGeekJamie,F,F
EviKline,F,F
HistoryMuppet,M,M
Audiophilomilo,M,M
jonnysun,M,M
gauravsabnis,M,F
leahtova,NB,M
husslington,M,F
meaganintx,F,F
tiffanymjewell,F,F
EliPresidente,M,M
burst0fhope,NB,NB
Ashismcrtrash,M,NB
suzannemrivera,F,F
PonderEducation,M,M
smarmyliberal,F,M
Theclairrock,NB,F
scotryder,M,M
DonnaSteff,F,F
anthoknees,NB,M
marteki,F,F
MSHenriksen,M,M
robertemilem,M,M
AJbigbadWolff,F,NB
thelizzypearl,F,F
Archainis,M,M
BroussardRhonda,F,F
CherylRainfield,F,F
goth_theyfriend,NB,NB
BeefGriller,M,F
iGregoryJohnson,M,M
Calcifer_S,NB,NB
kevinlwei,NB,M
shamarbeverly,M,NB
AmmehMorton,NB,F
ForWyo,F,M
RLynneHarris,F,F
sekisetsu,NB,F
TheVersian,NB,F
KrisEmilyMD,F,F
denn_daddy,M,NB
AlfredLewislll,M,NB
becky__wong,F,F
QuirkyQwerssie,NB,F
CindyPAndrew1,F,F
eswtang,M,M
justjerdi,F,M
amberlynprince,F,F
dalehirt,M,M
poemsboutpoetry,M,M
NifMuhammad,M,M
joelcadams,M,M
Casually_Jay,M,M
Anne_Kanopi,F,F
cybershaz,F,F
allisonelliots,NB,NB
BroussardRhonda,F,F
RaymondForbes,M,F
daydreamacnh,NB,NB
zzzooeee,F,F
Aliwaba,F,F
CHeartsTrees,F,F
mcnees,M,M
tisaneg,M,F
PrestonMitchum,M,F
AngSuperPowers,F,F
FamDoc_Forest,F,F
kitsisto,NB,F
maddywiebe97,NB,NB
Khoshtistic,M,NB
zachhynes,M,F
CherylRainfield,F,M
mischief_nerd,NB,F
sjw_LauraKinney,NB,NB
Anne_Kanopi,F,F
maddywiebe97,NB,NB
tiffanymjewell,F,F
PossumOtroy,NB,M
inspirasian51,NB,NB
Debbieterras,F,F
AJbigbadWolff,F,NB
babybirkinbag,NB,NB
milokp,NB,NB
gantpants,M,F
StephenGKrueger,NB,M
maxmasure,NB,F
prmorphine,M,M
emilyfleuriot,F,F
dadiva18,F,F
dodgethistweet,M,M
maddywiebe97,NB,NB
debdef,F,M
PupTetris,NB,M
newsmansimon,M,F
andybelford,M,M
Rebeckaht,NB,NB
legalizegoblins,NB,NB
MacaqueyFreedom,NB,NB
bensheldon,M,M
DeNovo_Fatima,F,F
PossumOtroy,NB,M
robiliciousnz,M,M
jonnysun,M,NB
Merc_Wolfmoor,NB,NB
blanketperson,M,M
theMattDouglas,M,F
MacaqueyFreedom,NB,NB
mcnees,M,M
khal_essie,F,NB
BilldeBlasio,M,M
CHeartsTrees,F,F
okiewhaler,M,F
niamhnichuilinn,F,F
ScritchfieldRD,F,F
LeslieJoy1,F,F
DN_Bryn,NB,NB
DrMLChivers,F,F
FamDoc_Forest,F,M
tstockstein,F,F
startupjedi,M,M
samleehartsock,F,F
marcscheff,M,F
jensinkler,F,M
CHeartsTrees,F,M
lemonicelou,NB,NB
almost5feet,F,F
nextpivotpoint,F,F
EEADHorne,F,F
fdmts,M,M
theredseraph,M,NB
LanceBass,M,F
Whilhorst,M,M
dudleypj,M,M
cpa12k,NB,M
blanketperson,M,M
HistoryNed,M,M
maxmasure,NB,F
jessicaeburke,F,F
RisukaMisai,NB,NB
lalonsocorona,NB,M
AlyssaGins,F,F
MillennialXpert,F,F
kercoby,NB,NB
asg__creations,NB,NB
MSHenriksen,M,F
joe_yer99,M,M
CurtisCChen,M,M
dalehirt,M,M
adapperprof,F,M
TrackerJessica,F,F
chordaetendinae,NB,F
oakandfur,M,NB
StringBassMotiv,M,M
chrisgwilliams,M,M
milokp,NB,NB
victoriagrows,NB,F
isaacangelz,NB,NB
KevinIrvineChi,M,F
LanceBass,M,M
cherryukika,NB,NB
asg__creations,NB,NB
Rebeckaht,NB,NB
roeldobbe,M,M
robiliciousnz,M,M
TawnyRoseCase,NB,NB
dudleypj,M,F
KateLechler,F,NB
carr_8,F,F
newsmansimon,M,M
DanaeWriting,NB,NB
trobedsbitch,M,NB
AlexHarrowSFF,NB,M
niamhnichuilinn,F,M
AfterEpilogue,F,NB
HistoryMuppet,M,M
DanaeWriting,NB,NB
MeInMidAir,F,NB
cyanbloomm,NB,NB
rob_kabobb,M,F
pattonsanders_q,M,NB
kim_hoyos,F,F
amacduffking,F,NB
anthonybgay1,NB,NB
DanceforMyself,NB,F
EliPresidente,M,M
melissabalsan,F,F
TheVersian,NB,NB
Maybe_Ketamine,F,NB
efboltz,F,F
MillennialXpert,F,F
CorinaStMartin,F,F
zzzooeee,F,F
TheJasonGreene,M,M
LWPBdotnet,F,M
samleehartsock,F,F
brittnhasty,F,F
cluelessthembo,NB,NB
wee_bairn,M,NB
JeremyCShipp,NB,M
goldman,M,M
Archainis,M,M
warofthesuburbs,M,M
vkatariya8,M,M
wilko_lauren,NB,F
asg__creations,NB,NB
AliceSkary,NB,NB
burst0fhope,NB,NB
cybershaz,F,M
sorenwork,NB,NB
DN_Bryn,NB,NB
AfterEpilogue,F,NB
davemusson,M,M
RLynneHarris,F,F
Swell09,F,F
__livvv_,F,NB
TwitchWasHere,NB,M
ShannonNara,F,F
jonrosenberg,M,NB
Ashismcrtrash,M,NB
kurtistowne,NB,NB
vinayaravind,M,M
BilldeBlasio,M,M
victoriagrows,NB,F
gsnedders,NB,NB
gauravsabnis,M,M
AndreasAdHoc,NB,M
leftside,M,M
SilverlionPrime,M,F
TrinityTheTuck,NB,F
VS_Holmes,NB,M
goth_theyfriend,NB,NB
lbdehertogh,F,M
Merc_Wolfmoor,NB,NB
gordonjdruby,M,M
MeInMidAir,F,F
rlorenxo,NB,NB
KateEMontgomery,F,F
shamarbeverly,M,F
LolNoNom,M,M
amberlynprince,F,F
AlexHarrowSFF,NB,NB
mcnees,M,M
AJbigbadWolff,F,NB
lalonsocorona,NB,M
EEADHorne,F,F
cynicalbrock,M,NB
theredseraph,M,NB
James_C_Mccloy,M,F
darcy,M,M
sallyrose1214,F,M
ShannonNara,F,F
kim_alloway,NB,NB
MSHenriksen,M,F
sr_brownwriter,NB,NB
SarahSloane,F,M
ScritchfieldRD,F,F
Archainis,M,M
davemusson,M,M
dlabeach,M,NB
PVeritySuarez,F,M
coreyevanmusic,M,F
BeverlyYanuaria,F,F
brittnhasty,F,F
mischief_nerd,NB,M
gantpants,M,M
JAMEE_NICOLEE,NB,F
PVeritySuarez,F,F
robiliciousnz,M,M
BowtiesBooks,NB,NB
CHeartsTrees,F,F
TheBlackFemVeg,NB,M
KateEMontgomery,F,NB
JVTrev,NB,M
simplybellion,M,NB
thegaythey,NB,F
leilazadeh,F,F
jvlioedel,NB,NB
stevie__mx,NB,F
mertotter,M,NB
JessiHonard,F,F
EEADHorne,F,F
partlycara,NB,NB
joy_hoffman,F,F
MC_of_A,M,M
DanaeWriting,NB,NB
DanaeWriting,NB,NB
dodgethistweet,M,NB
mertotter,M,NB
RuthEJBooth,NB,NB
Anne_Kanopi,F,M
jvlioedel,NB,NB
joy_hoffman,F,F
BroussardRhonda,F,F
IncredibleHulko,F,F
jetharrington,F,M
annaecook,F,NB
riccjohn,M,M
DuaneAnders,M,M
DanceforMyself,NB,F
KevinYa13099403,M,M
KevinYa13099403,M,NB
wyrdgaest,M,NB
philcritchley,M,M
Casually_Jay,M,NB
HerArtSheLoves,F,M
pastordj,M,M
dogbitebaby,NB,NB
IanCrookshank,M,F
CherylRainfield,F,M
niamhnichuilinn,F,F
joelcadams,M,F
debdef,F,F
Scuffsta,NB,F
kevinspenst,M,F
2014ORTOY,M,M
BroussardRhonda,F,F
tzottoladrift,F,M
briantschu,M,M
hiddeninabook,F,M
_MistyGraves_,NB,NB
juliannebrands,F,M
prmorphine,M,M
jamsternazzy,NB,NB
bybencarrier,M,M
shmuel,M,F
cluelessthembo,NB,NB
JoEatsFood,NB,NB
theredseraph,M,NB
abbsnocon,F,F
FredTJoseph,M,NB
partlycara,NB,F
gordonjdruby,M,F
GleamDavis,F,M
TheRevMDM,M,NB
BilldeBlasio,M,M
thegaythey,NB,NB
sorenwork,NB,F
CindyPAndrew1,F,F
victoriagrows,NB,F
CindyPAndrew1,F,F
HistoryNed,M,M
centralscot,M,F
SarahSloane,F,F
Debbieterras,F,F
melissabalsan,F,F
SarahSloane,F,F
chordaetendinae,NB,F
GleamDavis,F,F
daydreamacnh,NB,NB
AliceSkary,NB,NB
lburkins,F,F
KateLechler,F,NB
Debbieterras,F,F
Casually_Jay,M,NB
davemusson,M,M
PonderEducation,M,F
MWSchollenberg,M,M
theMattDouglas,M,F
thzinc,M,M
TeamSallySez,F,F
itswalela,NB,NB
kat_cahill,F,M
warofthesuburbs,M,M
cherryukika,NB,NB
DonnaSteff,F,F
IanCrookshank,M,F
EEADHorne,F,F
zachhynes,M,M
mjgiarlo,M,M
UA_Mr_Harrell,M,F
nickytonline,M,M
roeldobbe,M,M
trobedsbitch,M,NB
justjerdi,F,F
alightningrod,NB,F
BlindMikah_Kez,NB,NB
llimcole,F,F
StephenGKrueger,NB,F
gojirama,F,M
JessiHonard,F,F
lalonsocorona,NB,M
everestpipkin,NB,M
HESherman,M,M
nagnagnag,M,F
robertemilem,M,M
Whilhorst,M,M
dodgethistweet,M,F
SweetVanLoan,F,NB
TimLumpkins,M,F
Kmlaffs,F,F
smarmyliberal,F,M
fairytopialex,NB,NB
josueisbaby,NB,NB
darkskintrudeau,NB,NB
jonrosenberg,M,M
marteki,F,F
TheObeeReardon,F,F
fairytopialex,NB,NB
StormyBuckets,NB,NB
Audiophilomilo,M,NB
DuaneAnders,M,M
Nylons,F,F
WispsOfLove,NB,NB
everestpipkin,NB,M
MeInMidAir,F,F
a6daughter,NB,NB
becky__wong,F,M
simpleaslight,NB,NB
HeyDoryen,NB,M
kercoby,NB,NB
JohannesEvans,M,NB
wilko_lauren,NB,F
AngSuperPowers,F,F
belchetron,M,F
smarmyliberal,F,NB
becky__wong,F,F
chordaetendinae,NB,F
jvlioedel,NB,NB
LauraJDouds,NB,NB
TerriMLeBlanc,F,F
desikitteh,NB,M
HistoryNed,M,M
WritNelson,M,NB
KateEMontgomery,F,F
Khoshtistic,M,NB
jonosapien,M,M
goldenthem,NB,NB
annaecook,F,M
dan_foreman_EC,M,F
skpodila,F,F
Debbieterras,F,F
AfterEpilogue,F,NB
abbsnocon,F,F
meghancaves,F,F
lburkins,F,F
JessiHonard,F,F
jmugele,M,M
belchetron,M,F
EPantano,M,M
marxmenace,M,M
jensinkler,F,M
maddywiebe97,NB,NB
HistoryMuppet,M,M
BlindMikah_Kez,NB,NB
Jen_Ingham,F,F
LELIAHSADE,NB,NB
PaulKawika,M,F
TimLumpkins,M,M
alightningrod,NB,M
kim_alloway,NB,NB
tstockstein,F,F
AddieDomske,F,M
lizfromsela,F,M
the_jasper_jane,NB,NB
sunildasgupta4,M,F
roeldobbe,M,M
fierybelly,F,M
LeslieJoy1,F,F
obeykaedra,NB,NB
CommsGeekJamie,F,F
kvetchingguru,M,F
znmeb,M,M
PupTetris,NB,NB
SweetVanLoan,F,F
slayerscommathe,NB,F
_MistyGraves_,NB,NB
Aliwaba,F,F
_awwsmm,M,F
traviszinnel,M,F
_awwsmm,M,NB
gpshead,M,M
Merc_Wolfmoor,NB,M
dalehirt,M,M
dan_h72,M,M
cybershaz,F,M
hawklord2112,M,F
rlorenxo,NB,F
makmakdaddy,F,F
HistoryNed,M,M
thegaythey,NB,NB
LolNoNom,M,NB
StephenGKrueger,NB,M
camikaos,F,F
acbowen,M,M
StephenGKrueger,NB,M
startupjedi,M,F
dlabeach,M,M
kvetchingguru,M,M
kercoby,NB,NB
dodgethistweet,M,F
EPantano,M,M
IanCrookshank,M,F
StormyBuckets,NB,NB
stephrwhite11,F,F
PVeritySuarez,F,F
Audiophilomilo,M,NB
TheyThemTheEli,NB,NB
juniperinlatin,NB,NB
EliPresidente,M,M
d0tdotter,NB,F
vkatariya8,M,M
gordonjdruby,M,M
Tsikbalichmaya,M,F
AlexHarrowSFF,NB,NB
kvetchingguru,M,M
SamDurbin1,F,F
AmmehMorton,NB,M
shelvethebooks,NB,NB
SpenserStarke,M,F
niamhnichuilinn,F,F
SunshineChasing,F,NB
SamDurbin1,F,F
MeeraCK,F,F
nickytonline,M,NB
KateLechler,F,NB
BenSandfelder,M,NB
kurtistowne,NB,NB
ShantaDotCa,F,F
IncredibleHulko,F,F
BowtiesBooks,NB,NB
theMattDouglas,M,M
hld4ransom,F,F
fdmts,M,M
mjgiarlo,M,M
Stacyc55,F,F
StringBassMotiv,M,M
shesthefirst,F,F
CindyPAndrew1,F,F
mertotter,M,M
jamestallosi,M,NB
KateLechler,F,M
PonderEducation,M,F
cpa12k,NB,F
SpenserStarke,M,F
AGirlOfHerWords,F,F
MSHenriksen,M,NB
debdef,F,F
TheyThemTheEli,NB,M
FunUniverse_,F,F
gemmacaf,F,F
briantschu,M,M
alisonailea,NB,F
AlexHarrowSFF,NB,NB
devicenull,M,M
belchetron,M,F
shengxiaoyu,F,F
nicycle,F,M
AtomicFirebird,NB,F
simpleaslight,NB,NB
dan_h72,M,F
SignifiedAutre,NB,NB
RisukaMisai,NB,NB
philcritchley,M,M
AKapilashrami,F,F
RTWeirdZ,M,M
joy_hoffman,F,M
Kmlaffs,F,F
Calcifer_S,NB,NB
RobKendt,M,M
showardtweets,F,M
shamarbeverly,M,NB
burst0fhope,NB,F
milokp,NB,M
angraleigh,F,NB
simplybellion,M,NB
DanitheEngineer,F,F
efboltz,F,F
CABreretonKY,F,M
Ravelyn,F,NB
victoriagrows,NB,M
kevinspenst,M,F
ShesHerOwnCEO,F,F
tisaneg,M,F
crewmanalex,NB,NB
TheRevMDM,M,M
RiderOfBrohon,NB,NB
jonnysun,M,NB
amberlynprince,F,F
AddieDomske,F,F
suzannemrivera,F,M
wee_bairn,M,M
neonmoonmilk,NB,NB
DanceforMyself,NB,F
cluelessthembo,NB,NB
nextpivotpoint,F,F
ellenblunsdon,F,NB
alightningrod,NB,M
BilldeBlasio,M,M
msmegmassey,F,M
Booker4KY,M,M
josueisbaby,NB,NB
Booker4KY,M,M
kevinlwei,NB,M
CindyPAndrew1,F,F
ScritchfieldRD,F,F
PonderEducation,M,F
Rebeckaht,NB,NB
charliehersh,NB,F
MeInMidAir,F,F
annaecook,F,NB
imamusaller,NB,F
gpshead,M,M
PDMurphy01810,M,M
StacyRex,NB,NB
Booker4KY,M,M
CherylRainfield,F,F
becky__wong,F,F
startupjedi,M,M
yukonmike80,M,NB
AilsaMummery,NB,NB
TheWallner,F,F
acbowen,M,M
PeterJKuo,M,M
centralscot,M,M
gemmacaf,F,M
TheJasonGreene,M,F
brittnhasty,F,F
LanceBass,M,F
prettyboymatthw,M,NB
StacyRex,NB,M
ClariceDAiello,F,M
clubnobbie,M,M
joelcadams,M,F
Theclairrock,NB,NB
ClariceDAiello,F,M
TheWallner,F,F
__livvv_,F,NB
sapphicgiant,M,NB
StringBassMotiv,M,M
msmegmassey,F,F
oakandfur,M,NB
jamestallosi,M,F
marteki,F,M
BeckyAnnison,F,F
RTWeirdZ,M,M
MrChambersMS,M,M
asg__creations,NB,NB
theshenners,NB,NB
ForWyo,F,F
AlyssaGins,F,F
shmuel,M,M
marteki,F,F
chic0junit,M,M
PeterJKuo,M,F
KevinIrvineChi,M,F
IndoorWTF,M,M
nagnagnag,M,M
PNambyar,NB,NB
jensinkler,F,M
thzinc,M,F
SunshineChasing,F,M
coreyevanmusic,M,M
maddywiebe97,NB,NB
BigggRusss,M,F
jguard_24,M,M
PeterJKuo,M,NB
lizfromsela,F,M
hld4ransom,F,F
MillennialXpert,F,F
Jen_Ingham,F,F
traviszinnel,M,F
andreacollier,F,M
KimberlyGrommes,F,M
MsMandyJ,F,M
_awwsmm,M,F
calvincamps,NB,F
ForWyo,F,M
brentajohnson12,M,F
Aliwaba,F,M
sr_brownwriter,NB,M
docpalindrome,M,M
LauraJDouds,NB,NB
MrChambersMS,M,F
justjerdi,F,M
StacyRex,NB,M
leilazadeh,F,M
ogflavorsstan,NB,NB
samleehartsock,F,F
Swell09,F,F
PVeritySuarez,F,F
amyunchained,NB,M
DuaneAnders,M,F
SilverlionPrime,M,NB
docpalindrome,M,M
CommsGeekJamie,F,F
znmeb,M,M
trobedsbitch,M,NB
znmeb,M,M
BlueRoseNZ,F,F
EEADHorne,F,M
ClariceDAiello,F,F
everestpipkin,NB,M
belchetron,M,F
_MistyGraves_,NB,NB
PupTetris,NB,NB
Ashismcrtrash,M,NB
kercoby,NB,NB
husslington,M,F
RiderOfBrohon,NB,NB
NadkarniNamrata,F,F
brendajos,F,F
samleehartsock,F,F
Ironjotun,F,NB
dlabeach,M,M
trobedsbitch,M,NB
cherryukika,NB,NB
TheObeeReardon,F,F
legalizegoblins,NB,NB
simpleaslight,NB,M
JennyFloria,F,F
BigggRusss,M,F
dm56892,NB,F
neonmoonmilk,NB,NB
suzannemrivera,F,F
lilamayhiggins,F,F
bybencarrier,M,F
gauravsabnis,M,M
leahtova,NB,NB
BeefGriller,M,M
FamDoc_Forest,F,F
PrestonMitchum,M,NB
DanceforMyself,NB,F
Aliwaba,F,F
vinayaravind,M,M
_GreyWhite,NB,M
AlfredLewislll,M,M
Stacyc55,F,F
sekisetsu,NB,NB
riymix,M,M
AKapilashrami,F,F
ForWyo,F,NB
kevinlwei,NB,F
Anne_Kanopi,F,F
lbdehertogh,F,F
Dr_Ronx,NB,NB
daydreamacnh,NB,NB
skpodila,F,F
JCKronin,NB,M
DonnaSteff,F,F
allisonelliots,NB,M
cyanbloomm,NB,NB
ScritchfieldRD,F,F
thegaythey,NB,NB
kim_hoyos,F,NB
jamsternazzy,NB,NB
PNambyar,NB,NB
milokp,NB,NB
husslington,M,F
DN_Bryn,NB,NB
robynewmurphy,F,M
Zenorobster,M,M
JamilaMHammami,NB,F
Harrysgd,F,F
AliceSkary,NB,NB
tzottoladrift,F,F
PeterJKuo,M,F
RLynneHarris,F,F
kiran_oliver,NB,NB
zzzooeee,F,NB
theredseraph,M,NB
sjw_LauraKinney,NB,F
leah_kelley,F,F
jvlioedel,NB,NB
brittnhasty,F,F
wee_bairn,M,NB
tstockstein,F,F
EdConsult01581,F,F
HESherman,M,M
oakandfur,M,M
JuliusGoat,M,M
SarahSloane,F,NB
SParSuperStar,F,F
TeamSallySez,F,F
d0tdotter,NB,F
Kmlaffs,F,F
erinkburrell,F,NB
cybershaz,F,NB
KateLechler,F,M
shesthefirst,F,F
tiffanymjewell,F,M
SarahSloane,F,NB
joelcadams,M,M
ProtegoMente,F,F
dudleypj,M,NB
imamusaller,NB,M
juliannebrands,F,M
AliceSkary,NB,NB
TwitchWasHere,NB,NB
startupjedi,M,M
Shedrawsnigh,F,F
briantschu,M,F
robiliciousnz,M,M
leftside,M,M
jonnysun,M,NB
Aliwaba,F,M
carr_8,F,F
PeterJKuo,M,F
zanejchen,M,M
SheWasHer,F,NB
pastordj,M,M
Audiophilomilo,M,M
inspirasian51,NB,F
ScritchfieldRD,F,F
TimLumpkins,M,M
nevadawolfe,M,M
zanejchen,M,NB
burst0fhope,NB,F
Shedrawsnigh,F,F
hiddeninabook,F,M
suzannemrivera,F,M
transzoeperry,F,M
Dr_Ronx,NB,NB
gwtrev,M,M
bensheldon,M,M
JohannesEvans,M,NB
jguard_24,M,M
ogflavorsstan,NB,NB
AJbigbadWolff,F,NB
jamsternazzy,NB,NB
dan_abramov,M,M
RobKendt,M,M
spookygirl,F,F
fierybelly,F,F
AngSuperPowers,F,F
Dorktagnan,NB,F
TheVersian,NB,M
Mr_He_Me_Him,M,M
abbsnocon,F,F
DN_Bryn,NB,NB
smarmyliberal,F,M
sjforman99,M,F
bybencarrier,M,M
darcy,M,F
BeverlyYanuaria,F,F
axhawk,M,F
zachhynes,M,M
sallyrose1214,F,F
jetharrington,F,M
TheJasonGreene,M,F
PDMurphy01810,M,F
legalizegoblins,NB,NB
maddywiebe97,NB,NB
joe_yer99,M,M
AKapilashrami,F,F
estebanuribe,M,F
amacduffking,F,M
gwtrev,M,M
kat_cahill,F,F
emilyfleuriot,F,F
ellenblunsdon,F,NB
DadBeard,M,M
mertotter,M,NB
wyrdgaest,M,F
Theclairrock,NB,F
zannalyons,F,F
StacyRex,NB,F
jana_aych_ess,NB,NB
mischief_nerd,NB,NB
Khoshtistic,M,NB
MWSchollenberg,M,M
angraleigh,F,NB
AtomicFirebird,NB,NB
stephrwhite11,F,F
MeInMidAir,F,F
akeisha09,F,F
MrJohnfro,M,M
HeyDoryen,NB,M
loeyjopez07,M,F
mjgiarlo,M,NB
LeslieJoy1,F,F
efboltz,F,M
HistoryNed,M,M
DrMLChivers,F,F
gordonjdruby,M,M
pastordj,M,F
JamilaMHammami,NB,F
amacduffking,F,M
Echo_Heo,NB,NB
AmmehMorton,NB,M
PNambyar,NB,M
HESherman,M,M
axhawk,M,M
hiddeninabook,F,F
gaballinger,F,NB
Ironjotun,F,NB
BucketheadCase,M,F
CindyPAndrew1,F,F
DomDiFurio,M,M
cwalterswrite,M,F
carr_8,F,F
denn_daddy,M,M
melissabalsan,F,F
AN_Goldstein,F,F
belchetron,M,F
theMattDouglas,M,F
LolNoNom,M,NB
traviszinnel,M,F
peachmakkoli,NB,F
DomDiFurio,M,M
TisforTMI,F,F
kim_hoyos,F,NB
dm56892,NB,F
cluelessthembo,NB,NB
MartinezforMD,M,F
startupjedi,M,M
warofthesuburbs,M,M
adammw,M,M
hld4ransom,F,F
SweetVanLoan,F,NB
zephariouself,NB,M
BilldeBlasio,M,M
jathko,M,M
JohannesEvans,M,NB
briantschu,M,F
AimiHamraie,NB,F
FredTJoseph,M,M
butchspoonie,NB,NB
LeslieJoy1,F,F
AngSuperPowers,F,F
ShesHerOwnCEO,F,F
Anne_Kanopi,F,F
TheTattooedProf,M,M
JCKronin,NB,M
docpalindrome,M,F
Candi,F,F
Curufea,M,M
adammw,M,M
namesescapeme,F,M
trobedsbitch,M,NB
LauraJDouds,NB,NB
ryanlpainter,M,F
slayerscommathe,NB,NB
Harrysgd,F,F
adammw,M,M
_MistyGraves_,NB,NB
stephrwhite11,F,F
TisforTMI,F,F
DeannaDanger,NB,NB
ScritchfieldRD,F,F
enemyoftrust,NB,NB
TheObeeReardon,F,F
PonderEducation,M,F
gantpants,M,M
theMattDouglas,M,F
marteki,F,F
MeeraCK,F,F
belchetron,M,F
robiliciousnz,M,M
TawnyRoseCase,NB,F
MsMandyJ,F,F
JamieSuchomel,F,F
suzannemrivera,F,F
JoEatsFood,NB,NB
mjgiarlo,M,F
paymentsexpert,M,M
bensheldon,M,M
dm56892,NB,F
thzinc,M,M
juliannebrands,F,F
_awwsmm,M,M
AmmehMorton,NB,NB
leftside,M,M
abbsnocon,F,F
Aliwaba,F,M
Theclairrock,NB,NB
gaballinger,F,NB
FunUniverse_,F,M
AddieDomske,F,F
Theclairrock,NB,NB
smuttychums,NB,NB
GinaViolaPeake,F,F
SilverlionPrime,M,NB
weitzelb,M,M
EEADHorne,F,F
everestpipkin,NB,M
BeefGriller,M,M
axhawk,M,F
zannalyons,F,F
joy_hoffman,F,F
MsMandyJ,F,F
thicket,F,M
KateEMontgomery,F,NB
HerArtSheLoves,F,NB
EviKline,F,F
brittnhasty,F,F
NadkarniNamrata,F,F
JVTrev,NB,F
Echo_Heo,NB,NB
alightningrod,NB,NB
loeyjopez07,M,F
Der_Pesse,M,M
BlindMikah_Kez,NB,NB
shmuel,M,M
mr_shiny,M,M
jaimemere,F,M
niamhnichuilinn,F,M
HerArtSheLoves,F,M
brenda_slomka,F,F
_runfatgirlrun,F,F
KevinYa13099403,M,M
coreyevanmusic,M,M
JohannesEvans,M,NB
MeInMidAir,F,F
geexella,NB,F
kim_hoyos,F,F
trobedsbitch,M,NB
zanejchen,M,F
TheOneTAR,NB,F
bensheldon,M,M
Khoshtistic,M,NB
shesthefirst,F,F
rlorenxo,NB,M
thelizzypearl,F,F
bybencarrier,M,M
axhawk,M,M
alightningrod,NB,F
kim_alloway,NB,NB
riccjohn,M,F
AndiDealsPoker,F,F
ShaughnessyEmmy,F,F
slayerscommathe,NB,M
JuliusGoat,M,M
shamarbeverly,M,NB
juniperinlatin,NB,NB
ScritchfieldRD,F,F
imamusaller,NB,F
gauravsabnis,M,M
WritNelson,M,NB
PonderEducation,M,F
Zenorobster,M,M
MSHenriksen,M,M
JVTrev,NB,NB
RaymondForbes,M,M
NadkarniNamrata,F,F
dm56892,NB,F
jonosapien,M,M
JennyFloria,F,F
_awwsmm,M,M
teachingmissk,F,F
HerArtSheLoves,F,M
kat_cahill,F,M
Rebeckaht,NB,M
clubnobbie,M,M
llimcole,F,F
LeslieJoy1,F,F
tzottoladrift,F,F
FamDoc_Forest,F,F
pancake_bitch,NB,NB
HeyDoryen,NB,F
dan_h72,M,F
poemsboutpoetry,M,NB
AtomicFirebird,NB,NB
prmorphine,M,F
goldenthem,NB,NB
Dorktagnan,NB,M
PeterJKuo,M,F
husslington,M,F
MSHenriksen,M,M
zanejchen,M,F
eswtang,M,F
Mr_He_Me_Him,M,M
alisonailea,NB,F
mr_shiny,M,NB
gojirama,F,NB
alightningrod,NB,F
OhHeyDJ,M,NB
RLynneHarris,F,F
pastordj,M,F
_MistyGraves_,NB,M
James_C_Mccloy,M,NB
NifMuhammad,M,NB
Curufea,M,M
TheVersian,NB,NB
fierybelly,F,F
milokp,NB,M
husslington,M,F
RLynneHarris,F,F
GreenCPA,M,M
simplybellion,M,NB
suzannemrivera,F,F
kmishmael,F,F
IndoorWTF,M,M
stevie__mx,NB,NB
TheWallner,F,F
RLynneHarris,F,F
a6daughter,NB,NB
BlindMikah_Kez,NB,NB
DeNovo_Fatima,F,F
gaballinger,F,NB
nextpivotpoint,F,F
centralscot,M,M
iGregoryJohnson,M,M
gpshead,M,M
brentajohnson12,M,F
UA_Mr_Harrell,M,M
jensinkler,F,F
yukonmike80,M,NB
robainbinder,M,M
Audiophilomilo,M,NB
DanaeWriting,NB,NB
jetharrington,F,F
suzannemrivera,F,F
khal_essie,F,NB
robainbinder,M,M
PaulKawika,M,F
okiewhaler,M,F
imamusaller,NB,M
JonathanJR732,M,F
mcnees,M,M
ScritchfieldRD,F,F
nagnagnag,M,M
EviKline,F,F
JCKronin,NB,NB
maddywiebe97,NB,NB
Theclairrock,NB,F
cynicalbrock,M,M
BucketheadCase,M,M
fleshloathe,NB,NB
JamilaMHammami,NB,F
TheRevMDM,M,M
chrisgwilliams,M,M
AimiHamraie,NB,M
MyQueerAccount,NB,M
BlueRoseNZ,F,M
wee_bairn,M,M
BeckyAnnison,F,F
shelvethebooks,NB,NB
HistoryMuppet,M,M
HistoryNed,M,M
juliannebrands,F,F
spookygirl,F,F
PDMurphy01810,M,F
UA_Mr_Harrell,M,F
startupjedi,M,M
Ironjotun,F,NB
joelcadams,M,F
alisonailea,NB,M
TheJasonGreene,M,F
teachingmissk,F,F
melissabalsan,F,M
TeamSallySez,F,F
ShannonNara,F,M
austen_writes_,NB,NB
Der_Pesse,M,M
jamestallosi,M,M
AddieDomske,F,M
WritNelson,M,M
chic0junit,M,F
SunshineChasing,F,M
ClariceDAiello,F,M
AJbigbadWolff,F,NB
ellenblunsdon,F,NB
leftside,M,M
mr_shiny,M,M
sapphicgiant,M,NB
DanitheEngineer,F,F
m__fluke,NB,NB
TisforTMI,F,F
KevinYa13099403,M,M
Blair_Irwin,F,F
Der_Pesse,M,M
anthoknees,NB,NB
zannalyons,F,F
amberlynprince,F,F
pattonsanders_q,M,NB
rob_kabobb,M,F
DanitheEngineer,F,F
sorenwork,NB,M
BenSandfelder,M,M
scotryder,M,M
Rebeckaht,NB,M
brendajos,F,F
juniperinlatin,NB,NB
pancake_bitch,NB,NB
amberlynprince,F,F
smolnswole,NB,NB
Spatial_Punk,NB,M
claudiablb,F,F
JaimeLidgard,NB,NB
CurtisCChen,M,F
MeeraCK,F,F
jmugele,M,NB
KateLechler,F,M
TallTechy,F,F
maddywiebe97,NB,M
hld4ransom,F,F
JamilaMHammami,NB,F
leftside,M,M
tisaneg,M,F
dan_foreman_EC,M,F
iGregoryJohnson,M,M
dan_foreman_EC,M,F
bensheldon,M,M
inspirasian51,NB,F
artwells,M,M
startupjedi,M,F
PeterJKuo,M,M
_runfatgirlrun,F,NB
devicenull,M,F
zannalyons,F,F
skpodila,F,F
belchetron,M,F
TwitchWasHere,NB,NB
fierybelly,F,F
ShesHerOwnCEO,F,F
TerriMLeBlanc,F,F
MillennialXpert,F,M
gantpants,M,M
gantpants,M,M
HistoryMuppet,M,M
lbdehertogh,F,M
camikaos,F,NB
Aliwaba,F,M
ArtioMurphy,NB,NB
IncredibleHulko,F,F
meghancaves,F,F
GleamDavis,F,F
VioletFireBee,NB,M
shmuel,M,F
suzannemrivera,F,F
Stacyc55,F,F
robertemilem,M,M
joe_yer99,M,M
cyanbloomm,NB,NB
cynicalbrock,M,NB
Mr_He_Me_Him,M,M
HistoryMuppet,M,M
AlexHarrowSFF,NB,F
pattonsanders_q,M,M
MrJoeJenkins,M,M
BlindMikah_Kez,NB,NB
HeyDoryen,NB,M
goth_theyfriend,NB,NB
FamDoc_Forest,F,F
PossumOtroy,NB,NB
emilyfleuriot,F,F
erinkburrell,F,F
UnchartedHaven,M,M
sorenwork,NB,NB
dogbitebaby,NB,NB
hiddeninabook,F,M
EEADHorne,F,F
marteki,F,F
BlindMikah_Kez,NB,NB
2014ORTOY,M,F
scotryder,M,F
crewmanalex,NB,NB
gemmacaf,F,M
anuomni,NB,NB
marcscheff,M,M
zannalyons,F,F
leahtova,NB,F
imamusaller,NB,F
juniperinlatin,NB,NB
CHeartsTrees,F,F
josueisbaby,NB,NB
gayspacepilot,NB,NB
PVeritySuarez,F,M
skpodila,F,F
StringBassMotiv,M,M
jaimemere,F,M
clubnobbie,M,M
philcritchley,M,F
denn_daddy,M,NB
meghancaves,F,F
iGregoryJohnson,M,F
TheOneTAR,NB,F
DomDiFurio,M,F
CABreretonKY,F,F
AJbigbadWolff,F,NB
davemusson,M,F
fmanjoo,NB,M
e_p82,M,M
jmugele,M,M
debdef,F,F
jvlioedel,NB,M
milokp,NB,M
anthonybgay1,NB,M
AKapilashrami,F,F
amyunchained,NB,F
thzinc,M,F
brucejijones,M,F
zanejchen,M,NB
zanejchen,M,NB
sjw_LauraKinney,NB,M
juliannebrands,F,F
nickytonline,M,F
RaymondForbes,M,F
JennaMagnuski,F,F
kercoby,NB,NB
sjw_LauraKinney,NB,M
Me_Like_Shiny,NB,NB
catrocketship,NB,M
samleehartsock,F,F
underscoretire,M,NB
teachingmissk,F,F
darcy,M,F
stevie__mx,NB,M
allisonelliots,NB,F
TheObeeReardon,F,F
enemyoftrust,NB,NB
annaecook,F,F
nicycle,F,F
juniperinlatin,NB,NB
JamieSuchomel,F,F
RuthEJBooth,NB,M
AKapilashrami,F,F
centralscot,M,F
erinkburrell,F,F
AngSuperPowers,F,F
OhHeyDJ,M,M
fdmts,M,M
vinayaravind,M,M
JCKronin,NB,M
VioletFireBee,NB,M
niamhnichuilinn,F,M
gordonjdruby,M,F
TheAtomicMommy,F,F
maxmasure,NB,M
MeInMidAir,F,F
hesterchill,NB,NB
legalizegoblins,NB,NB
estebanuribe,M,M
josueisbaby,NB,NB
JaimeLidgard,NB,NB
KevinJFellows,M,M
namesescapeme,F,F
gemmacaf,F,NB
sekisetsu,NB,NB
AlyssaGins,F,F
Ravelyn,F,F
SilverlionPrime,M,NB
dalehirt,M,F
luxxe_ember,NB,NB
oakandfur,M,NB
scotryder,M,M
Ironjotun,F,M
prickly_boi,NB,NB
StephenGKrueger,NB,F
sekisetsu,NB,NB
Spatial_Punk,NB,M
iGregoryJohnson,M,M
jamestallosi,M,NB
catrocketship,NB,F
JonathanJR732,M,F
artwells,M,M
allyrosecoll,F,F
adammw,M,M
AddieDomske,F,F
AimiHamraie,NB,F
TeamSallySez,F,F
zannalyons,F,F
angraleigh,F,M
PonderEducation,M,M
HerArtSheLoves,F,M
VioletFireBee,NB,M
marteki,F,F
riccjohn,M,F
helllpapii,NB,NB
Harrysgd,F,F
Harrysgd,F,F
dlabeach,M,NB
robainbinder,M,F
LauraJDouds,NB,NB
marcscheff,M,M
KevinJFellows,M,F
isaacangelz,NB,NB
DanaeWriting,NB,NB
theshenners,NB,M
joy_hoffman,F,F
CommsGeekJamie,F,F
CindyPAndrew1,F,F
kiran_oliver,NB,NB
MWSchollenberg,M,M
Jen_Ingham,F,F
Curufea,M,M
FunUniverse_,F,F
FredTJoseph,M,M
ShantaDotCa,F,F
fdmts,M,M
peachmakkoli,NB,NB
tisaneg,M,F
Rebecca__Rouse,F,F
underscoretire,M,NB
BilldeBlasio,M,M
gauravsabnis,M,M
peachmakkoli,NB,NB
ShaughnessyEmmy,F,F
msmegmassey,F,F
DadBeard,M,NB
m__fluke,NB,NB
ClariceDAiello,F,M
carr_8,F,F
ellenblunsdon,F,F
wee_bairn,M,F
JessiHonard,F,F
sr_brownwriter,NB,NB
LeslieJoy1,F,F
MacaqueyFreedom,NB,NB
anders_d_k,M,M
TheMudlily,F,F
AmmehMorton,NB,NB
PrestonMitchum,M,NB
traviszinnel,M,F
cyanbloomm,NB,NB
niamhnichuilinn,F,F
Merc_Wolfmoor,NB,NB
zannalyons,F,F
vkatariya8,M,M
Theclairrock,NB,NB
SidewaysSiren,NB,NB
NadkarniNamrata,F,F
khal_essie,F,NB
annarborandy,M,M
TwitchWasHere,NB,NB
jonnysun,M,M
anuomni,NB,NB
shelvethebooks,NB,M
joy_hoffman,F,M
lilamayhiggins,F,F
jaimemere,F,F
jensinkler,F,M
kevinlwei,NB,M
ShannonNara,F,M
MeInMidAir,F,F
theredseraph,M,NB
FunUniverse_,F,F
enbylu,NB,M
JessiHonard,F,M
e_p82,M,NB
Ashismcrtrash,M,M
JoEatsFood,NB,NB
AN_Goldstein,F,M
TheyThemTheEli,NB,NB
RobKendt,M,M
marteki,F,F
AtomicFirebird,NB,NB
hiddeninabook,F,M
marxmenace,M,M
nylah_reviews,F,F
debdef,F,F
BeverlyYanuaria,F,F
efboltz,F,F
Der_Pesse,M,F
fdmts,M,F
debdef,F,F
DeannaDanger,NB,NB
jathko,M,NB
AGirlOfHerWords,F,F
BenSandfelder,M,M
__livvv_,F,M
JAMEE_NICOLEE,NB,F
Kmlaffs,F,F
ClariceDAiello,F,F
Aliwaba,F,F
TawnyRoseCase,NB,NB
anders_d_k,M,NB
jhinthony,M,M
AliceSkary,NB,NB
MsMandyJ,F,F
goldman,M,M
khal_essie,F,NB
enemyoftrust,NB,NB
KevinJFellows,M,F
SamDurbin1,F,F
Dr_Ronx,NB,NB
jana_aych_ess,NB,NB
trobedsbitch,M,M
thelizzypearl,F,F
e_p82,M,M
StringBassMotiv,M,F
MC_of_A,M,M
prickly_boi,NB,M
Dorktagnan,NB,M
PupTetris,NB,NB
hld4ransom,F,F
BeverlyYanuaria,F,F
shesthefirst,F,F
llimcole,F,F
gemmacaf,F,M
JamilaMHammami,NB,F
philcritchley,M,M
goldenthem,NB,M
cwalterswrite,M,F
scotryder,M,M
estebanuribe,M,M
JennyFloria,F,F
LELIAHSADE,NB,NB
Rebecca__Rouse,F,F
oddin85,M,M
robiliciousnz,M,M
fdmts,M,F
suffolkvicar,M,M
sunildasgupta4,M,M
jonosapien,M,M
nevadawolfe,M,NB
amberlynprince,F,F
roeldobbe,M,F
vkatariya8,M,F
AmmehMorton,NB,NB
CorinaStMartin,F,F
JoEatsFood,NB,M
samleehartsock,F,F
hld4ransom,F,F
__livvv_,F,NB
SParSuperStar,F,F
SunshineChasing,F,M
ladiesbewild,F,NB
nicycle,F,F
kevinspenst,M,M
Der_Pesse,M,M
graciedactyl,F,NB
khal_essie,F,M
prmorphine,M,M
CorinaStMartin,F,F
Rebecca__Rouse,F,F
joelcadams,M,F
UA_Mr_Harrell,M,M
theredseraph,M,NB
KevinYa13099403,M,M
Zenorobster,M,M
shmuel,M,F
LELIAHSADE,NB,NB
StacyRex,NB,NB
itswalela,NB,NB
ryanlpainter,M,F
James_C_Mccloy,M,M
maxmasure,NB,F
TheRevMDM,M,M
Zenorobster,M,F
Rebecca__Rouse,F,F
CherylRainfield,F,M
hiddeninabook,F,F
acbowen,M,M
zannalyons,F,F
Harrysgd,F,F
Audiophilomilo,M,M
VioletFireBee,NB,M
acbowen,M,M
AlfredLewislll,M,M
Rebeckaht,NB,F
amacduffking,F,F
melissabalsan,F,F
AKapilashrami,F,F
SarahSloane,F,M
JennaMagnuski,F,F
carriefox,F,F
Zenorobster,M,M
enemyoftrust,NB,NB
kim_hoyos,F,M
Dorktagnan,NB,M
leilazadeh,F,M
riccjohn,M,F
denn_daddy,M,NB
JamieSuchomel,F,F
carr_8,F,F
smuttychums,NB,NB
goth_theyfriend,NB,NB
wilko_lauren,NB,F
goldman,M,M
wilko_lauren,NB,F
ClariceDAiello,F,M
jaimemere,F,M
tiffanymjewell,F,M
grooveplex,M,M
pancake_bitch,NB,M
BucketheadCase,M,M
StephenGKrueger,NB,NB
VS_Holmes,NB,NB
ShesHerOwnCEO,F,F
DanaeWriting,NB,NB
alightningrod,NB,M
Rebeckaht,NB,NB
axhawk,M,M
AGirlOfHerWords,F,M
MsMandyJ,F,F
Rebecca__Rouse,F,F
smolqueerdragon,F,NB
shengxiaoyu,F,F
dadiva18,F,M
RiaOtero,F,M
annaecook,F,NB
acbowen,M,M
kim_alloway,NB,NB
HistoryNed,M,M
immacuIatechaos,NB,NB
maxmasure,NB,NB
eswtang,M,F
joelcadams,M,M
gantpants,M,NB
WritNelson,M,M
theMattDouglas,M,F
DanaeWriting,NB,NB
DonnaSteff,F,F
gothfagg0t,M,NB
shengxiaoyu,F,F
momdragana,M,NB
BeverlyYanuaria,F,F
anthonybgay1,NB,NB
fierybelly,F,F
MsMandyJ,F,F
TheOneTAR,NB,F
dudleypj,M,M
e_p82,M,M
CherylRainfield,F,F
StephenGKrueger,NB,M
TheOneTAR,NB,NB
Jen_Ingham,F,F
debdef,F,F
FunUniverse_,F,F
smolqueerdragon,F,NB
CorinaStMartin,F,M
wee_bairn,M,NB
axhawk,M,F
vkatariya8,M,M
brentajohnson12,M,F
MrChambersMS,M,F
DevinMar1992,NB,NB
CorinaStMartin,F,F
m__fluke,NB,NB
TheTattooedProf,M,M
camikaos,F,F
gemmacaf,F,M
nylah_reviews,F,M
IanCrookshank,M,M
IanCrookshank,M,F
makemarks77,M,F
TwitchWasHere,NB,NB
joe_yer99,M,M
namesescapeme,F,F
samleehartsock,F,F
BeverlyYanuaria,F,F
goldenthem,NB,NB
MC_of_A,M,M
darcy,M,F
maddywiebe97,NB,NB
amacduffking,F,F
smarmyliberal,F,M
kim_alloway,NB,NB
dan_foreman_EC,M,M
AddieDomske,F,F
pancake_bitch,NB,M
skpodila,F,M
hesterchill,NB,M
chrisgwilliams,M,M
AndiDealsPoker,F,F
momdragana,M,NB
mr_shiny,M,M
FunUniverse_,F,F
zannalyons,F,F
DrMLChivers,F,F
AmmehMorton,NB,NB
nickytonline,M,M
adapperprof,F,F
SweetVanLoan,F,NB
husslington,M,F
scotryder,M,M
BeckyAnnison,F,F
ScritchfieldRD,F,F
acbowen,M,M
iGregoryJohnson,M,M
itwasmedionysus,NB,NB
anthonybgay1,NB,NB
fairytopialex,NB,NB
StephenGKrueger,NB,M
RaymondForbes,M,F
husslington,M,F
SParSuperStar,F,F
robertemilem,M,M
AGirlOfHerWords,F,NB
stephrwhite11,F,F
luxxe_ember,NB,NB
nagnagnag,M,M
showardtweets,F,M
SilverlionPrime,M,NB
ProtegoMente,F,F
belchetron,M,F
IncredibleHulko,F,F
immacuIatechaos,NB,NB
KevinJFellows,M,M
imamusaller,NB,F
belchetron,M,F
showardtweets,F,F
Swell09,F,M
fleshloathe,NB,NB
Merc_Wolfmoor,NB,NB
lburkins,F,F
Me_Like_Shiny,NB,NB
nagnagnag,M,F
JamilaMHammami,NB,F
SidewaysSiren,NB,F
PDMurphy01810,M,F
AKapilashrami,F,F
annaecook,F,NB
FredTJoseph,M,F
yukonmike80,M,M
jessicaeburke,F,M
MrJoeJenkins,M,F
StacyRex,NB,M
alisonailea,NB,F
momdragana,M,NB
kevinlwei,NB,M
gojirama,F,NB
Zenorobster,M,M
TisforTMI,F,F
__livvv_,F,F
ScritchfieldRD,F,F
makmakdaddy,F,M
Scuffsta,NB,NB
babybirkinbag,NB,NB
SpenserStarke,M,F
marteki,F,F
cpa12k,NB,M
Ironjotun,F,M
znmeb,M,M
maxmasure,NB,M
msmegmassey,F,F
meaganintx,F,F
ogflavorsstan,NB,NB
WritNelson,M,M
kiran_oliver,NB,M
asg__creations,NB,NB
DanceforMyself,NB,F
Shedrawsnigh,F,M
jhinthony,M,M
robertemilem,M,M
BeefGriller,M,M
babybirkinbag,NB,NB
sorenwork,NB,F
shelvethebooks,NB,NB
nextpivotpoint,F,F
meaganintx,F,F
adapperprof,F,NB
PonderEducation,M,M
docpalindrome,M,NB
2014ORTOY,M,M
dudleypj,M,M
DN_Bryn,NB,NB
SilverlionPrime,M,M
jathko,M,M
suffolkvicar,M,M
LeslieJoy1,F,F
immacuIatechaos,NB,NB
erinkburrell,F,NB
JamieSuchomel,F,F
riymix,M,NB
BeverlyYanuaria,F,M
loeyjopez07,M,F
joy_hoffman,F,F
cynicalbrock,M,F
showardtweets,F,F
chrisgwilliams,M,NB
leilazadeh,F,F
kevinlwei,NB,NB
Anne_Kanopi,F,F
KevinYa13099403,M,F
EliPresidente,M,M
LauraJDouds,NB,NB
riymix,M,NB
TeamSallySez,F,F
pancake_bitch,NB,NB
GinaViolaPeake,F,F
AlyssaGins,F,F
TheJasonGreene,M,M
pancake_bitch,NB,NB
JVTrev,NB,M
smarmyliberal,F,M
TawnyRoseCase,NB,M
pancake_bitch,NB,NB
shengxiaoyu,F,F
austen_writes_,NB,M
TheRevMDM,M,M
darcy,M,M
EEADHorne,F,F
hld4ransom,F,F
nylah_reviews,F,NB
ShantaDotCa,F,F
RisukaMisai,NB,NB
suzannemrivera,F,F
tiffanymjewell,F,M
thzinc,M,F
BowtiesBooks,NB,NB
thegaythey,NB,NB
loeyjopez07,M,F
TwitchWasHere,NB,F
TallTechy,F,F
gaballinger,F,NB
gayspacepilot,NB,M
melissabalsan,F,F
smolnswole,NB,M
almost5feet,F,F
CurtisCChen,M,M
JuliusGoat,M,M
DadBeard,M,NB
makemarks77,M,F
jvlioedel,NB,NB
okiewhaler,M,F
partlycara,NB,F
trechriron,M,F
marteki,F,F
underscoretire,M,NB
CABreretonKY,F,M
babybirkinbag,NB,NB
roeldobbe,M,F
Swell09,F,NB
HESherman,M,M
4damHall,M,F
slayerscommathe,NB,F
ScritchfieldRD,F,F
CABreretonKY,F,F
paymentsexpert,M,F
VioletFireBee,NB,F
calvincamps,NB,F
joy_hoffman,F,F
2014ORTOY,M,F
tha_rami,M,M
BucketheadCase,M,M
m__fluke,NB,F
stevie__mx,NB,NB
dan_h72,M,M
AimiHamraie,NB,NB
the_jasper_jane,NB,NB
DanceforMyself,NB,F
wee_bairn,M,NB
milokp,NB,M
thegaythey,NB,F
tstockstein,F,F
jensinkler,F,F
kevinlwei,NB,F
josueisbaby,NB,NB
ForWyo,F,F
teachingmissk,F,M
Spatial_Punk,NB,M
anthoknees,NB,NB
Zenorobster,M,M
DomDiFurio,M,M
shesthefirst,F,F
teachingmissk,F,NB
camikaos,F,F
kim_alloway,NB,NB
PaulKawika,M,M
HESherman,M,M
leahtova,NB,M
lalonsocorona,NB,NB
hiddeninabook,F,F
riccjohn,M,F
catrocketship,NB,M
kim_hoyos,F,M
d0tdotter,NB,F
maddywiebe97,NB,NB
devicenull,M,M
CommsGeekJamie,F,F
SidewaysSiren,NB,F
Rebeckaht,NB,M
mjgiarlo,M,NB
hld4ransom,F,F
Calcifer_S,NB,NB
RTWeirdZ,M,M
niamhnichuilinn,F,F
DeNovo_Fatima,F,F
joy_hoffman,F,F
tzottoladrift,F,F
AddieDomske,F,F
ShantaDotCa,F,F
anders_d_k,M,NB
Rebeckaht,NB,M
JessiHonard,F,F
wilko_lauren,NB,F
imamusaller,NB,F
almost5feet,F,F
JeremyCShipp,NB,M
PrestonMitchum,M,F
juniperinlatin,NB,F
okiewhaler,M,F
FamDoc_Forest,F,F
SheWasHer,F,NB
coreyevanmusic,M,NB
Mr_He_Me_Him,M,M
prickly_boi,NB,NB
JCKronin,NB,M
AlfredLewislll,M,NB
Casually_Jay,M,NB
thicket,F,M
makemarks77,M,F
riymix,M,NB
maddywiebe97,NB,NB
gojirama,F,NB
HistoryMuppet,M,M
FredTJoseph,M,M
okiewhaler,M,M
AtomicFirebird,NB,F
zzzooeee,F,NB
TheOneTAR,NB,F
chordaetendinae,NB,M
underscoretire,M,NB
UA_Mr_Harrell,M,F
MSHenriksen,M,M
theshenners,NB,NB
smuttychums,NB,NB
Audiophilomilo,M,M
pastriesandcake,F,M
TwitchWasHere,NB,M
AimiHamraie,NB,F
AN_Goldstein,F,M
BryanLakatos,M,M
sjforman99,M,NB
sr_brownwriter,NB,M
prmorphine,M,M
TheVersian,NB,NB
kat_cahill,F,F
fleshloathe,NB,NB
chordaetendinae,NB,M
RTWeirdZ,M,F
JasonCMarvin,M,M
DanitheEngineer,F,F
AtomicFirebird,NB,NB
kevinspenst,M,F
legalizegoblins,NB,NB
TheJasonGreene,M,F
KevinYa13099403,M,M
carr_8,F,F
Anne_Kanopi,F,F
cpa12k,NB,M
yukonmike80,M,F
gsnedders,NB,NB
thicket,F,F
VS_Holmes,NB,M
crewmanalex,NB,NB
smuttychums,NB,NB
GleamDavis,F,M
_mpoe,NB,M
Harrysgd,F,F
dodgethistweet,M,NB
llimcole,F,F
BroussardRhonda,F,M
skpodila,F,F
JuliusGoat,M,F
devicenull,M,M
BeverlyYanuaria,F,F
ShantaDotCa,F,F
PossumOtroy,NB,NB
Audiophilomilo,M,M
wee_bairn,M,M
emilyfleuriot,F,F
butchspoonie,NB,NB
DrMLChivers,F,F
MrChambersMS,M,F
MillennialXpert,F,F
robertemilem,M,F
RLynneHarris,F,F
maddywiebe97,NB,NB
eswtang,M,M
gothfagg0t,M,NB
RiderOfBrohon,NB,NB
d0tdotter,NB,M
grooveplex,M,M
blanketperson,M,M
anthonybgay1,NB,NB
dalehirt,M,F
centralscot,M,M
_awwsmm,M,M
daydreamacnh,NB,NB
fairytopialex,NB,NB
stevie__mx,NB,NB
wilko_lauren,NB,NB
AmmehMorton,NB,NB
ArtioMurphy,NB,F
ellenblunsdon,F,NB
Calcifer_S,NB,NB
AddieDomske,F,F
AliceSkary,NB,NB
mawillcockson,NB,M
ellenblunsdon,F,NB
DeNovo_Fatima,F,F
MrChambersMS,M,M
jbakernyc,F,F
TwitchWasHere,NB,NB
anuomni,NB,NB
MeeraCK,F,F
msmegmassey,F,F
MWSchollenberg,M,M
gordonjdruby,M,M
JamilaMHammami,NB,F
SidewaysSiren,NB,NB
TheObeeReardon,F,F
ClariceDAiello,F,F
allyrosecoll,F,F
EPantano,M,F
AKapilashrami,F,F
BenSandfelder,M,M
DanitheEngineer,F,F
HESherman,M,M
anthonybgay1,NB,M
StringBassMotiv,M,M
angraleigh,F,M
shengxiaoyu,F,F
SweetVanLoan,F,F
PossumOtroy,NB,NB
Mr_He_Me_Him,M,M
dudleypj,M,M
_mpoe,NB,NB
GreenCPA,M,F
grooveplex,M,M
AN_Goldstein,F,M
allyrosecoll,F,F
ShaughnessyEmmy,F,F
goth_theyfriend,NB,NB
DN_Bryn,NB,NB
alightningrod,NB,M
hawklord2112,M,M
nextpivotpoint,F,F
_Auntie_Aimee,F,F
Candi,F,F
roeldobbe,M,M
loeyjopez07,M,M
TheObeeReardon,F,F
ForWyo,F,F
efboltz,F,M
TheyThemTheEli,NB,NB
WispsOfLove,NB,NB
Audiophilomilo,M,M
gojirama,F,M
kim_alloway,NB,NB
HeyDoryen,NB,M
Zenorobster,M,M
KrisEmilyMD,F,F
AlyssaGins,F,F
RaymondForbes,M,M
imamusaller,NB,F
kitsisto,NB,F
amberlynprince,F,F
shelvethebooks,NB,F
clubnobbie,M,M
jmugele,M,M
babybirkinbag,NB,NB
HerArtSheLoves,F,M
msmegmassey,F,F
meaganintx,F,F
AliceSkary,NB,NB
_runfatgirlrun,F,M
Anne_Kanopi,F,F
fleshloathe,NB,NB
asg__creations,NB,NB
AshleyThaoDam,NB,F
_mpoe,NB,NB
zzzooeee,F,F
JAMEE_NICOLEE,NB,NB
alisonailea,NB,NB
FamDoc_Forest,F,F
CindyPAndrew1,F,F
VS_Holmes,NB,F
newsmansimon,M,M
ScritchfieldRD,F,F
jaimemere,F,F
underscoretire,M,NB
gsnedders,NB,NB
bybencarrier,M,M
goldenthem,NB,NB
jamestallosi,M,M
EEADHorne,F,M
TheVersian,NB,NB
MrJoeJenkins,M,M
kim_alloway,NB,NB
TwitchWasHere,NB,NB
AmmehMorton,NB,F
_MistyGraves_,NB,NB
cwalterswrite,M,M
vkatariya8,M,M
ladiesbewild,F,NB
ellenblunsdon,F,NB
marteki,F,F
Aliwaba,F,M
tisaneg,M,F
warofthesuburbs,M,M
andybelford,M,F
BilldeBlasio,M,F
CherylRainfield,F,F
kmishmael,F,F
shmuel,M,F
tstockstein,F,F
fairytopialex,NB,NB
Der_Pesse,M,M
JVTrev,NB,F
riccjohn,M,M
BryanLakatos,M,M
fierybelly,F,F
HESherman,M,M
bybencarrier,M,F
msmegmassey,F,F
leilazadeh,F,F
nagnagnag,M,M
KateLechler,F,F
startupjedi,M,F
HESherman,M,M
EPantano,M,F
kat_cahill,F,M
kercoby,NB,NB
kiran_oliver,NB,NB
TimLumpkins,M,M
amberlynprince,F,F
pastordj,M,M
KrisEmilyMD,F,F
SunshineChasing,F,M
ScritchfieldRD,F,F
zzzooeee,F,F
gsnedders,NB,M
kiran_oliver,NB,F
PDMurphy01810,M,M
yukonmike80,M,M
RHicks,F,F
samleehartsock,F,F
Jen_Ingham,F,F
alightningrod,NB,NB
maxmasure,NB,F
HistoryMuppet,M,M
TheAtomicMommy,F,F
ladiesbewild,F,NB
darcy,M,F
TerriMLeBlanc,F,F
tisaneg,M,F
TheJasonGreene,M,M
CommsGeekJamie,F,F
Audiophilomilo,M,M
SarahSloane,F,F
RiderOfBrohon,NB,NB
desikitteh,NB,F
Ravelyn,F,M
WritNelson,M,NB
KotaLee11,NB,M
sjw_LauraKinney,NB,M
LauraJDouds,NB,NB
anuomni,NB,NB
Archainis,M,M
MsMandyJ,F,F
cybershaz,F,F
MWSchollenberg,M,M
marcscheff,M,F
ShantaDotCa,F,F
sorenwork,NB,F
austen_writes_,NB,NB
itswalela,NB,NB
obeykaedra,NB,NB
_awwsmm,M,M
SunshineChasing,F,M
lizfromsela,F,M
TheObeeReardon,F,F
jamsternazzy,NB,NB
CurtisCChen,M,F
magdajoyce,F,F
marteki,F,F
AtomicFirebird,NB,F
obeykaedra,NB,NB
leilazadeh,F,M
James_C_Mccloy,M,M
brendajos,F,NB
nylah_reviews,F,F
nicycle,F,NB
josueisbaby,NB,NB
HistoryMuppet,M,M
loeyjopez07,M,F
ryanlpainter,M,F
enbylu,NB,NB
RiderOfBrohon,NB,NB
zachhynes,M,M
Swell09,F,F
startupjedi,M,F
axhawk,M,F
Candi,F,F
zzzooeee,F,F
slayerscommathe,NB,NB
AndiDealsPoker,F,F
angraleigh,F,F
TheWallner,F,F
catrocketship,NB,F
nevadawolfe,M,NB
daydreamacnh,NB,NB
darkskintrudeau,NB,NB
BigggRusss,M,F
carr_8,F,F
hiddeninabook,F,F
RobKendt,M,M
Curufea,M,M
gaballinger,F,NB
MeeraCK,F,F
slayerscommathe,NB,M
makmakdaddy,F,F
SweetVanLoan,F,NB
Curufea,M,M
Dr_Ronx,NB,NB
d0tdotter,NB,F
FredTJoseph,M,M
lizfromsela,F,F
dogbitebaby,NB,NB
EpicGlitterYay,NB,NB
TheyThemTheEli,NB,NB
GinaViolaPeake,F,F
blanketperson,M,F
AndreasAdHoc,NB,NB
TwitchWasHere,NB,M
carriefox,F,F
cybershaz,F,M
LELIAHSADE,NB,NB
Candi,F,F
PonderEducation,M,F
trechriron,M,F
belchetron,M,F
goldenthem,NB,NB
smarmyliberal,F,M
angraleigh,F,F
NadkarniNamrata,F,M
mr_shiny,M,M
cpa12k,NB,M
sekisetsu,NB,M
khal_essie,F,NB
Kmlaffs,F,F
tstockstein,F,F
Scuffsta,NB,M
__livvv_,F,NB
TonyChatman,M,NB
namesescapeme,F,F
marcscheff,M,F
dudleypj,M,M
emilyfleuriot,F,F
MC_of_A,M,M
magdajoyce,F,F
DuaneAnders,M,M
kevinspenst,M,F
leahtova,NB,M
stevie__mx,NB,NB
efboltz,F,NB
Scuffsta,NB,M
efboltz,F,M
joy_hoffman,F,F
jensinkler,F,NB
spookygirl,F,F
Archainis,M,M
ShantaDotCa,F,F
gothfagg0t,M,NB
Echo_Heo,NB,NB
poemsboutpoetry,M,M
acbowen,M,F
JAMEE_NICOLEE,NB,NB
SamDurbin1,F,F
robertemilem,M,M
leilazadeh,F,F
oddin85,M,F
SpenserStarke,M,NB
KateLechler,F,NB
RLynneHarris,F,F
PVeritySuarez,F,F
Casually_Jay,M,NB
MC_of_A,M,M
JasonCMarvin,M,F
AlexHarrowSFF,NB,NB
Zenorobster,M,M
chrisgwilliams,M,M
daydreamacnh,NB,NB
NifMuhammad,M,M
teachingmissk,F,NB
allyrosecoll,F,F
TawnyRoseCase,NB,NB
MeeraCK,F,F
jhinthony,M,NB
inspirasian51,NB,F
JaimeLidgard,NB,NB
robiliciousnz,M,M
KateLechler,F,M
CurtisCChen,M,F
JohannesEvans,M,NB
charliehersh,NB,F
TheObeeReardon,F,F
stevie__mx,NB,NB
dan_foreman_EC,M,M
dodgethistweet,M,F
shamarbeverly,M,NB
SParSuperStar,F,F
nylah_reviews,F,F
roeldobbe,M,F
DuaneAnders,M,M
brenda_slomka,F,F
kitsisto,NB,NB
everestpipkin,NB,M
AJbigbadWolff,F,NB
Calcifer_S,NB,NB
kevinspenst,M,M
Nancy_RS_Parson,F,NB
zannalyons,F,F
sekisetsu,NB,NB
AimiHamraie,NB,F
Casually_Jay,M,NB
annaecook,F,F
WritNelson,M,NB
RobKendt,M,M
jetharrington,F,F
crewmanalex,NB,NB
wyrdgaest,M,F
RobKendt,M,NB
pattonsanders_q,M,M
llimcole,F,F
shesthefirst,F,F
kvetchingguru,M,M
DomDiFurio,M,M
KevinIrvineChi,M,M
gsnedders,NB,NB
magdajoyce,F,F
helllpapii,NB,NB
Candi,F,F
Debbieterras,F,F
prmorphine,M,M
ScritchfieldRD,F,F
mjgiarlo,M,M
luxxe_ember,NB,NB
BenSandfelder,M,M
shengxiaoyu,F,F
alightningrod,NB,F
Spatial_Punk,NB,NB
jmugele,M,M
showardtweets,F,M
EPantano,M,F
RiaOtero,F,M
austen_writes_,NB,M
ladiesbewild,F,M
the_jasper_jane,NB,NB
jonosapien,M,M
Archainis,M,M
SParSuperStar,F,F
JoEatsFood,NB,NB
Stacyc55,F,F
alightningrod,NB,F
RoaringHometown,M,NB
Dr_Ronx,NB,M
wilko_lauren,NB,F
cluelessthembo,NB,NB
Ravelyn,F,F
BeckyAnnison,F,F
carr_8,F,F
jaimemere,F,F
TawnyRoseCase,NB,M
Spatial_Punk,NB,F
dan_h72,M,F
alightningrod,NB,F
suffolkvicar,M,M
okiewhaler,M,F
OhHeyDJ,M,F
BlueRoseNZ,F,NB
loeyjopez07,M,F
paymentsexpert,M,F
namesescapeme,F,NB
ShaughnessyEmmy,F,F
M_A_Ormerod,M,M
mawillcockson,NB,M
zannalyons,F,F
M_A_Ormerod,M,F
Kmlaffs,F,F
asg__creations,NB,NB
debdef,F,F
gemmacaf,F,M
zachhynes,M,F
enemyoftrust,NB,M
graciedactyl,F,F
kurtistowne,NB,NB
docpalindrome,M,M
__livvv_,F,F
wyrdgaest,M,NB
charliehersh,NB,F
IanCrookshank,M,F
Dr_Ronx,NB,NB
ladiesbewild,F,NB
ShaughnessyEmmy,F,F
neonmoonmilk,NB,NB
clubnobbie,M,F
Merc_Wolfmoor,NB,NB
fleshloathe,NB,NB
RLynneHarris,F,F
abbsnocon,F,F
hesterchill,NB,F
dodgethistweet,M,M
JoEatsFood,NB,M
Ironjotun,F,NB
TheWallner,F,M
zachhynes,M,F
FredTJoseph,M,M
TheyThemTheEli,NB,NB
thelizzypearl,F,F
anders_d_k,M,M
JennaMagnuski,F,F
anders_d_k,M,M
PDMurphy01810,M,F
thelizzypearl,F,NB
StormyBuckets,NB,NB
pastordj,M,M
PeterJKuo,M,F
leilazadeh,F,M
nextpivotpoint,F,F
prmorphine,M,M
wyrdgaest,M,M
kim_alloway,NB,NB
smarmyliberal,F,NB
debdef,F,F
Ravelyn,F,NB
HistoryNed,M,M
GinaViolaPeake,F,F
DeNovo_Fatima,F,F
maxmasure,NB,F
newsmansimon,M,F
MsMandyJ,F,F
PeterJKuo,M,F
BroussardRhonda,F,F
nickytonline,M,M
smolnswole,NB,M
TisforTMI,F,F
AN_Goldstein,F,M
sallyrose1214,F,F
alisonailea,NB,F
sr_brownwriter,NB,NB
DeNovo_Fatima,F,F
amacduffking,F,NB
tstockstein,F,F
akeisha09,F,F
mcnees,M,M
gsnedders,NB,NB
VioletFireBee,NB,M
FamDoc_Forest,F,F
spookygirl,F,F
LanceBass,M,M
JamieSuchomel,F,F
simpleaslight,NB,NB
asg__creations,NB,NB
chrisgwilliams,M,NB
debdef,F,M
LeslieJoy1,F,F
anuomni,NB,NB
jguard_24,M,M
cluelessthembo,NB,NB
zachhynes,M,M
partlycara,NB,NB
AmmehMorton,NB,M
BroussardRhonda,F,F
KevinIrvineChi,M,M
emilyfleuriot,F,F
PaulKawika,M,M
chic0junit,M,F
JaimeLidgard,NB,NB
TheTattooedProf,M,M
_Auntie_Aimee,F,M
gordonjdruby,M,F
BeverlyYanuaria,F,F
anuomni,NB,NB
TheyThemTheEli,NB,NB
MrJoeJenkins,M,F
smuttychums,NB,NB
FredTJoseph,M,M
suzannemrivera,F,F
TimLumpkins,M,M
husslington,M,F
rob_kabobb,M,F
wee_bairn,M,NB
AimiHamraie,NB,M
marcscheff,M,F
MrJoeJenkins,M,M
TheBlackFemVeg,NB,NB
Maybe_Ketamine,F,NB
NifMuhammad,M,M
MsMandyJ,F,M
wyrdgaest,M,F
Beforehand,NB,M
Stacyc55,F,F
DeNovo_Fatima,F,F
iGregoryJohnson,M,M
zzzooeee,F,NB
Maybe_Ketamine,F,M
TheJasonGreene,M,F
juniperinlatin,NB,NB
teachingmissk,F,F
ShesHerOwnCEO,F,F
goldenthem,NB,M
ShantaDotCa,F,F
LELIAHSADE,NB,NB
graciedactyl,F,F
__livvv_,F,F
traviszinnel,M,F
jmugele,M,F
jessicaeburke,F,NB
scotryder,M,F
crewmanalex,NB,F
OhHeyDJ,M,M
FredTJoseph,M,M
EliPresidente,M,M
pattonsanders_q,M,NB
NadkarniNamrata,F,F
goth_theyfriend,NB,NB
NifMuhammad,M,M
teachingmissk,F,M
calvincamps,NB,F
ClariceDAiello,F,F
centralscot,M,M
DanaeWriting,NB,NB
stephrwhite11,F,F
briantschu,M,NB
gantpants,M,M
KateEMontgomery,F,M
gauravsabnis,M,M
lilamayhiggins,F,F
TrinityTheTuck,NB,NB
emilyfleuriot,F,F
Nylons,F,F
smolnswole,NB,M
lilamayhiggins,F,F
EdConsult01581,F,F
tisaneg,M,F
poemsboutpoetry,M,M
coreyevanmusic,M,M
wilko_lauren,NB,F
__livvv_,F,M
sjw_LauraKinney,NB,NB
cyanbloomm,NB,NB
lbdehertogh,F,F
butchspoonie,NB,NB
HESherman,M,F
zachhynes,M,M
everestpipkin,NB,NB
leftside,M,M
allyrosecoll,F,F
SilverlionPrime,M,NB
IncredibleHulko,F,F
BlakeleyJenn,F,F
nightfury326,NB,M
cpa12k,NB,F
hld4ransom,F,F
Zenorobster,M,F
marcscheff,M,M
BryanLakatos,M,M
JuliusGoat,M,M
TheAtomicMommy,F,F
jonnysun,M,NB
BlindMikah_Kez,NB,NB
ladiesbewild,F,F
Stacyc55,F,F
Candi,F,F
smuttychums,NB,NB
KateEMontgomery,F,F
zephariouself,NB,M
KateLechler,F,NB
alisonailea,NB,M
KimberlyGrommes,F,F
Nancy_RS_Parson,F,NB
justjerdi,F,F
ogflavorsstan,NB,NB
shmuel,M,F
andybelford,M,F
makemarks77,M,F
RachEttinger,F,F
DonnaSteff,F,F
stephrwhite11,F,M
ShantaDotCa,F,M
KimberlyGrommes,F,M
BlindMikah_Kez,NB,NB
anthonybgay1,NB,NB
theshenners,NB,NB
smarmyliberal,F,NB
carriefox,F,F
TheMudlily,F,F
lalonsocorona,NB,NB
darcy,M,F
stevie__mx,NB,M
darkskintrudeau,NB,NB
