username,gender,label,prediction
imamusaller,NB,NB,NOT NB
lilamayhiggins,F,NOT NB,NOT NB
jonosapien,M,NOT NB,NOT NB
EdConsult01581,F,NOT NB,NOT NB
TheOneTAR,NB,NB,NOT NB
akeisha09,F,NOT NB,NOT NB
JeremyCShipp,NB,NB,NOT NB
SheWasHer,F,NOT NB,NOT NB
jvlioedel,NB,NB,NOT NB
_MistyGraves_,NB,NB,NB
dodgethistweet,M,NOT NB,NOT NB
JuliusGoat,M,NOT NB,NOT NB
MrJoeJenkins,M,NOT NB,NOT NB
philcritchley,M,NOT NB,NOT NB
BilldeBlasio,M,NOT NB,NOT NB
gwtrev,M,NOT NB,NB
ogflavorsstan,NB,NB,NB
darcy,M,NOT NB,NOT NB
kevinlwei,NB,NB,NOT NB
sunildasgupta4,M,NOT NB,NOT NB
2014ORTOY,M,NOT NB,NOT NB
angraleigh,F,NOT NB,NOT NB
__livvv_,F,NOT NB,NOT NB
riccjohn,M,NOT NB,NOT NB
milokp,NB,NB,NOT NB
KevinYa13099403,M,NOT NB,NOT NB
almost5feet,F,NOT NB,NOT NB
TheWallner,F,NOT NB,NOT NB
d0tdotter,NB,NB,NOT NB
DN_Bryn,NB,NB,NB
bensheldon,M,NOT NB,NOT NB
Swell09,F,NOT NB,NOT NB
kristanshawgo,F,NOT NB,NOT NB
kim_hoyos,F,NOT NB,NOT NB
ArtioMurphy,NB,NB,NOT NB
NadkarniNamrata,F,NOT NB,NOT NB
jana_aych_ess,NB,NB,NB
BlakeleyJenn,F,NOT NB,NOT NB
AN_Goldstein,F,NOT NB,NOT NB
Jen_Ingham,F,NOT NB,NOT NB
leahtova,NB,NB,NOT NB
HistoryMuppet,M,NOT NB,NOT NB
PonderEducation,M,NOT NB,NOT NB
JeremyCShipp,NB,NB,NOT NB
WispsOfLove,NB,NB,NOT NB
WritNelson,M,NOT NB,NOT NB
JeremyCShipp,NB,NB,NB
rlorenxo,NB,NB,NB
CindyPAndrew1,F,NOT NB,NOT NB
austen_writes_,NB,NB,NB
khal_essie,F,NOT NB,NOT NB
RisukaMisai,NB,NB,NB
inspirasian51,NB,NB,NB
BlueRoseNZ,F,NOT NB,NB
trechriron,M,NOT NB,NOT NB
_mpoe,NB,NB,NOT NB
lalonsocorona,NB,NB,NOT NB
wilko_lauren,NB,NB,NOT NB
cluelessthembo,NB,NB,NOT NB
hesterchill,NB,NB,NOT NB
FamDoc_Forest,F,NOT NB,NOT NB
theMattDouglas,M,NOT NB,NOT NB
Khoshtistic,M,NOT NB,NB
prickly_boi,NB,NB,NB
lbdehertogh,F,NOT NB,NOT NB
KateLechler,F,NOT NB,NOT NB
NadkarniNamrata,F,NOT NB,NOT NB
zachhynes,M,NOT NB,NOT NB
TwitchWasHere,NB,NB,NOT NB
JessiHonard,F,NOT NB,NOT NB
Maybe_Ketamine,F,NOT NB,NOT NB
Merc_Wolfmoor,NB,NB,NB
shesthefirst,F,NOT NB,NOT NB
JoEatsFood,NB,NB,NB
JasonCMarvin,M,NOT NB,NOT NB
clubnobbie,M,NOT NB,NOT NB
CindyPAndrew1,F,NOT NB,NOT NB
VioletFireBee,NB,NB,NOT NB
CommsGeekJamie,F,NOT NB,NOT NB
centralscot,M,NOT NB,NOT NB
nicycle,F,NOT NB,NOT NB
hawklord2112,M,NOT NB,NOT NB
goth_theyfriend,NB,NB,NB
SpenserStarke,M,NOT NB,NOT NB
nylah_reviews,F,NOT NB,NOT NB
theMattDouglas,M,NOT NB,NOT NB
jmugele,M,NOT NB,NOT NB
chordaetendinae,NB,NB,NOT NB
darcy,M,NOT NB,NOT NB
JamilaMHammami,NB,NB,NOT NB
thicket,F,NOT NB,NOT NB
_mpoe,NB,NB,NB
dm56892,NB,NB,NOT NB
gojirama,F,NOT NB,NOT NB
TisforTMI,F,NOT NB,NOT NB
SunshineChasing,F,NOT NB,NOT NB
mr_shiny,M,NOT NB,NOT NB
alisonailea,NB,NB,NB
mcnees,M,NOT NB,NOT NB
dogbitebaby,NB,NB,NB
They_Goblin,NB,NB,NB
__livvv_,F,NOT NB,NB
msmegmassey,F,NOT NB,NOT NB
imamusaller,NB,NB,NOT NB
newsmansimon,M,NOT NB,NOT NB
IndoorWTF,M,NOT NB,NOT NB
zannalyons,F,NOT NB,NOT NB
HistoryNed,M,NOT NB,NOT NB
JamilaMHammami,NB,NB,NOT NB
Spatial_Punk,NB,NB,NOT NB
BucketheadCase,M,NOT NB,NB
lburkins,F,NOT NB,NOT NB
anthoknees,NB,NB,NOT NB
catrocketship,NB,NB,NOT NB
JeremyCShipp,NB,NB,NOT NB
TrackerJessica,F,NOT NB,NOT NB
Ironjotun,F,NOT NB,NOT NB
wilko_lauren,NB,NB,NOT NB
ShesHerOwnCEO,F,NOT NB,NOT NB
James_C_Mccloy,M,NOT NB,NOT NB
BroussardRhonda,F,NOT NB,NOT NB
TheyThemTheEli,NB,NB,NB
kim_alloway,NB,NB,NB
lilamayhiggins,F,NOT NB,NOT NB
pastordj,M,NOT NB,NOT NB
graciedactyl,F,NOT NB,NOT NB
DeNovo_Fatima,F,NOT NB,NOT NB
RHicks,F,NOT NB,NOT NB
gsnedders,NB,NB,NOT NB
anders_d_k,M,NOT NB,NOT NB
marteki,F,NOT NB,NOT NB
JohannesEvans,M,NOT NB,NOT NB
chrisgwilliams,M,NOT NB,NOT NB
Debbieterras,F,NOT NB,NOT NB
lilamayhiggins,F,NOT NB,NOT NB
inspirasian51,NB,NB,NB
wyrdgaest,M,NOT NB,NB
PNambyar,NB,NB,NOT NB
LWPBdotnet,F,NOT NB,NOT NB
gpshead,M,NOT NB,NOT NB
Dr_Ronx,NB,NB,NB
hesterchill,NB,NB,NOT NB
TimLumpkins,M,NOT NB,NOT NB
jvlioedel,NB,NB,NB
Kmlaffs,F,NOT NB,NOT NB
rlorenxo,NB,NB,NB
wilko_lauren,NB,NB,NOT NB
KrisEmilyMD,F,NOT NB,NOT NB
gojirama,F,NOT NB,NOT NB
JVTrev,NB,NB,NB
TheBlackFemVeg,NB,NB,NB
TheyThemTheEli,NB,NB,NB
oakandfur,M,NOT NB,NOT NB
shamarbeverly,M,NOT NB,NB
nickytonline,M,NOT NB,NOT NB
Candi,F,NOT NB,NOT NB
mawillcockson,NB,NB,NOT NB
debdef,F,NOT NB,NOT NB
chordaetendinae,NB,NB,NOT NB
Casually_Jay,M,NOT NB,NOT NB
alisonailea,NB,NB,NOT NB
roeldobbe,M,NOT NB,NOT NB
wilko_lauren,NB,NB,NOT NB
wilko_lauren,NB,NB,NOT NB
Scuffsta,NB,NB,NOT NB
isaacangelz,NB,NB,NB
allyrosecoll,F,NOT NB,NOT NB
pastriesandcake,F,NOT NB,NOT NB
kercoby,NB,NB,NB
momdragana,M,NOT NB,NOT NB
Casually_Jay,M,NOT NB,NB
ryanlpainter,M,NOT NB,NOT NB
Nylons,F,NOT NB,NOT NB
JessiHonard,F,NOT NB,NOT NB
cwalterswrite,M,NOT NB,NOT NB
josueisbaby,NB,NB,NOT NB
lilamayhiggins,F,NOT NB,NOT NB
CommsGeekJamie,F,NOT NB,NOT NB
lburkins,F,NOT NB,NOT NB
Ravelyn,F,NOT NB,NOT NB
amyunchained,NB,NB,NB
MyQueerAccount,NB,NB,NOT NB
andreacollier,F,NOT NB,NOT NB
anders_d_k,M,NOT NB,NOT NB
rob_kabobb,M,NOT NB,NOT NB
dm56892,NB,NB,NOT NB
ScritchfieldRD,F,NOT NB,NOT NB
TonyChatman,M,NOT NB,NB
immacuIatechaos,NB,NB,NB
peachmakkoli,NB,NB,NB
StephenGKrueger,NB,NB,NOT NB
UA_Mr_Harrell,M,NOT NB,NOT NB
gpshead,M,NOT NB,NOT NB
KevinIrvineChi,M,NOT NB,NOT NB
M_A_Ormerod,M,NOT NB,NOT NB
IncredibleHulko,F,NOT NB,NOT NB
jguard_24,M,NOT NB,NOT NB
tiffanymjewell,F,NOT NB,NOT NB
JuliusGoat,M,NOT NB,NOT NB
RachEttinger,F,NOT NB,NOT NB
vinayaravind,M,NOT NB,NOT NB
nagnagnag,M,NOT NB,NOT NB
brenda_slomka,F,NOT NB,NOT NB
meaganintx,F,NOT NB,NOT NB
becky__wong,F,NOT NB,NOT NB
BeckyAnnison,F,NOT NB,NOT NB
AshleyThaoDam,NB,NB,NOT NB
SParSuperStar,F,NOT NB,NOT NB
DanitheEngineer,F,NOT NB,NOT NB
JennaMagnuski,F,NOT NB,NOT NB
zannalyons,F,NOT NB,NOT NB
goldman,M,NOT NB,NOT NB
AtomicFirebird,NB,NB,NOT NB
gantpants,M,NOT NB,NOT NB
_runfatgirlrun,F,NOT NB,NOT NB
Echo_Heo,NB,NB,NB
annaecook,F,NOT NB,NOT NB
ShannonNara,F,NOT NB,NOT NB
grooveplex,M,NOT NB,NOT NB
abbsnocon,F,NOT NB,NOT NB
wilko_lauren,NB,NB,NOT NB
belchetron,M,NOT NB,NOT NB
MillennialXpert,F,NOT NB,NOT NB
dm56892,NB,NB,NOT NB
zannalyons,F,NOT NB,NOT NB
m__fluke,NB,NB,NB
AliceSkary,NB,NB,NB
pastriesandcake,F,NOT NB,NOT NB
hawklord2112,M,NOT NB,NOT NB
TimLumpkins,M,NOT NB,NOT NB
AlexHarrowSFF,NB,NB,NB
chic0junit,M,NOT NB,NOT NB
philcritchley,M,NOT NB,NOT NB
prmorphine,M,NOT NB,NOT NB
jguard_24,M,NOT NB,NOT NB
llimcole,F,NOT NB,NOT NB
HistoryNed,M,NOT NB,NOT NB
EEADHorne,F,NOT NB,NOT NB
nicycle,F,NOT NB,NOT NB
RisukaMisai,NB,NB,NB
mcnees,M,NOT NB,NOT NB
CHeartsTrees,F,NOT NB,NOT NB
thegaythey,NB,NB,NOT NB
sorenwork,NB,NB,NOT NB
Stacyc55,F,NOT NB,NOT NB
TonyChatman,M,NOT NB,NOT NB
TheWallner,F,NOT NB,NOT NB
leahtova,NB,NB,NB
Mr_He_Me_Him,M,NOT NB,NOT NB
gauravsabnis,M,NOT NB,NOT NB
maxmasure,NB,NB,NB
helllpapii,NB,NB,NB
camikaos,F,NOT NB,NOT NB
carr_8,F,NOT NB,NOT NB
anthoknees,NB,NB,NOT NB
IndoorWTF,M,NOT NB,NOT NB
TheAtomicMommy,F,NOT NB,NOT NB
They_Goblin,NB,NB,NB
2014ORTOY,M,NOT NB,NOT NB
Rebecca__Rouse,F,NOT NB,NOT NB
HerArtSheLoves,F,NOT NB,NOT NB
kim_hoyos,F,NOT NB,NOT NB
2014ORTOY,M,NOT NB,NOT NB
MsMandyJ,F,NOT NB,NOT NB
justjerdi,F,NOT NB,NOT NB
KrisEmilyMD,F,NOT NB,NOT NB
tstockstein,F,NOT NB,NOT NB
TrinityTheTuck,NB,NB,NOT NB
TallTechy,F,NOT NB,NOT NB
anuomni,NB,NB,NB
fleshloathe,NB,NB,NB
niamhnichuilinn,F,NOT NB,NOT NB
efboltz,F,NOT NB,NOT NB
BryanLakatos,M,NOT NB,NOT NB
TheBlackFemVeg,NB,NB,NOT NB
geexella,NB,NB,NB
teachingmissk,F,NOT NB,NOT NB
Candi,F,NOT NB,NOT NB
smolqueerdragon,F,NOT NB,NB
blanketperson,M,NOT NB,NOT NB
sjw_LauraKinney,NB,NB,NOT NB
Whilhorst,M,NOT NB,NOT NB
ogflavorsstan,NB,NB,NB
IanCrookshank,M,NOT NB,NOT NB
kristanshawgo,F,NOT NB,NOT NB
EliPresidente,M,NOT NB,NOT NB
burst0fhope,NB,NB,NOT NB
M_A_Ormerod,M,NOT NB,NOT NB
_GreyWhite,NB,NB,NOT NB
kim_hoyos,F,NOT NB,NB
RLynneHarris,F,NOT NB,NOT NB
WritNelson,M,NOT NB,NOT NB
ShannonNara,F,NOT NB,NOT NB
RiderOfBrohon,NB,NB,NB
LELIAHSADE,NB,NB,NB
HESherman,M,NOT NB,NOT NB
AddieDomske,F,NOT NB,NOT NB
DonnaSteff,F,NOT NB,NOT NB
lizfromsela,F,NOT NB,NOT NB
Theclairrock,NB,NB,NOT NB
KateLechler,F,NOT NB,NOT NB
MeeraCK,F,NOT NB,NOT NB
gauravsabnis,M,NOT NB,NOT NB
brittnhasty,F,NOT NB,NOT NB
FamDoc_Forest,F,NOT NB,NOT NB
JohannesEvans,M,NOT NB,NOT NB
DomDiFurio,M,NOT NB,NOT NB
Jen_Ingham,F,NOT NB,NOT NB
shelvethebooks,NB,NB,NB
pancake_bitch,NB,NB,NOT NB
BlueRoseNZ,F,NOT NB,NB
mischief_nerd,NB,NB,NOT NB
justjerdi,F,NOT NB,NOT NB
PNambyar,NB,NB,NB
victoriagrows,NB,NB,NOT NB
RHicks,F,NOT NB,NOT NB
chordaetendinae,NB,NB,NOT NB
immacuIatechaos,NB,NB,NOT NB
VioletFireBee,NB,NB,NOT NB
RaymondForbes,M,NOT NB,NOT NB
inspirasian51,NB,NB,NOT NB
JonathanJR732,M,NOT NB,NOT NB
hiddeninabook,F,NOT NB,NOT NB
HistoryNed,M,NOT NB,NOT NB
EviKline,F,NOT NB,NOT NB
TheVersian,NB,NB,NB
JAMEE_NICOLEE,NB,NB,NOT NB
TheJasonGreene,M,NOT NB,NOT NB
peachmakkoli,NB,NB,NB
DN_Bryn,NB,NB,NB
RisukaMisai,NB,NB,NOT NB
dogbitebaby,NB,NB,NOT NB
RobKendt,M,NOT NB,NOT NB
juniperinlatin,NB,NB,NOT NB
Kolonakimou,NB,NB,NOT NB
adapperprof,F,NOT NB,NB
burst0fhope,NB,NB,NB
dudleypj,M,NOT NB,NB
HESherman,M,NOT NB,NOT NB
brittnhasty,F,NOT NB,NOT NB
underscoretire,M,NOT NB,NB
RLynneHarris,F,NOT NB,NOT NB
jathko,M,NOT NB,NOT NB
RLynneHarris,F,NOT NB,NOT NB
bensheldon,M,NOT NB,NOT NB
imamusaller,NB,NB,NOT NB
MsMandyJ,F,NOT NB,NOT NB
ellenblunsdon,F,NOT NB,NB
suffolkvicar,M,NOT NB,NOT NB
smolnswole,NB,NB,NOT NB
prickly_boi,NB,NB,NB
JAMEE_NICOLEE,NB,NB,NOT NB
KateEMontgomery,F,NOT NB,NOT NB
_runfatgirlrun,F,NOT NB,NOT NB
mjgiarlo,M,NOT NB,NB
CherylRainfield,F,NOT NB,NOT NB
BilldeBlasio,M,NOT NB,NOT NB
CABreretonKY,F,NOT NB,NOT NB
TawnyRoseCase,NB,NB,NB
almost5feet,F,NOT NB,NOT NB
AndiDealsPoker,F,NOT NB,NOT NB
jamsternazzy,NB,NB,NB
QuirkyQwerssie,NB,NB,NOT NB
RachEttinger,F,NOT NB,NOT NB
ClariceDAiello,F,NOT NB,NOT NB
gpshead,M,NOT NB,NOT NB
momdragana,M,NOT NB,NB
Zenorobster,M,NOT NB,NOT NB
LeslieJoy1,F,NOT NB,NOT NB
PupTetris,NB,NB,NOT NB
M_A_Ormerod,M,NOT NB,NOT NB
Rebecca__Rouse,F,NOT NB,NOT NB
zannalyons,F,NOT NB,NOT NB
davemusson,M,NOT NB,NOT NB
wilko_lauren,NB,NB,NOT NB
vinayaravind,M,NOT NB,NOT NB
jamsternazzy,NB,NB,NOT NB
thegaythey,NB,NB,NOT NB
startupjedi,M,NOT NB,NOT NB
carriefox,F,NOT NB,NOT NB
sekisetsu,NB,NB,NB
M_A_Ormerod,M,NOT NB,NOT NB
traviszinnel,M,NOT NB,NOT NB
DN_Bryn,NB,NB,NB
theredseraph,M,NOT NB,NOT NB
graciedactyl,F,NOT NB,NOT NB
Tsikbalichmaya,M,NOT NB,NOT NB
DanaeWriting,NB,NB,NOT NB
JVTrev,NB,NB,NOT NB
Candi,F,NOT NB,NOT NB
gayspacepilot,NB,NB,NOT NB
sunildasgupta4,M,NOT NB,NOT NB
TheOneTAR,NB,NB,NB
Kmlaffs,F,NOT NB,NOT NB
znmeb,M,NOT NB,NB
catrocketship,NB,NB,NOT NB
BeverlyYanuaria,F,NOT NB,NOT NB
isaacangelz,NB,NB,NOT NB
RHicks,F,NOT NB,NOT NB
JamilaMHammami,NB,NB,NOT NB
NadkarniNamrata,F,NOT NB,NOT NB
tiffanymjewell,F,NOT NB,NOT NB
paymentsexpert,M,NOT NB,NOT NB
suffolkvicar,M,NOT NB,NOT NB
AddieDomske,F,NOT NB,NOT NB
fairytopialex,NB,NB,NB
JasonCMarvin,M,NOT NB,NOT NB
CurtisCChen,M,NOT NB,NOT NB
smolnswole,NB,NB,NB
Archainis,M,NOT NB,NOT NB
leilazadeh,F,NOT NB,NOT NB
TheVersian,NB,NB,NOT NB
shengxiaoyu,F,NOT NB,NOT NB
pastordj,M,NOT NB,NOT NB
AKapilashrami,F,NOT NB,NOT NB
RaymondForbes,M,NOT NB,NOT NB
TheMudlily,F,NOT NB,NOT NB
ogflavorsstan,NB,NB,NB
Aliwaba,F,NOT NB,NOT NB
thegaythey,NB,NB,NOT NB
VioletFireBee,NB,NB,NOT NB
newsmansimon,M,NOT NB,NB
dalehirt,M,NOT NB,NOT NB
momdragana,M,NOT NB,NB
oakandfur,M,NOT NB,NOT NB
BeckyAnnison,F,NOT NB,NB
zannalyons,F,NOT NB,NOT NB
cpa12k,NB,NB,NOT NB
mawillcockson,NB,NB,NOT NB
_Auntie_Aimee,F,NOT NB,NOT NB
jamsternazzy,NB,NB,NB
_Auntie_Aimee,F,NOT NB,NOT NB
hawklord2112,M,NOT NB,NOT NB
joelcadams,M,NOT NB,NOT NB
RiaOtero,F,NOT NB,NOT NB
gauravsabnis,M,NOT NB,NOT NB
MC_of_A,M,NOT NB,NOT NB
graciedactyl,F,NOT NB,NOT NB
CherylRainfield,F,NOT NB,NOT NB
magdajoyce,F,NOT NB,NOT NB
becky__wong,F,NOT NB,NOT NB
cwalterswrite,M,NOT NB,NOT NB
leilazadeh,F,NOT NB,NOT NB
robiliciousnz,M,NOT NB,NOT NB
transzoeperry,F,NOT NB,NOT NB
ForWyo,F,NOT NB,NOT NB
rob_kabobb,M,NOT NB,NOT NB
AlfredLewislll,M,NOT NB,NB
shesthefirst,F,NOT NB,NOT NB
erinkburrell,F,NOT NB,NOT NB
juliannebrands,F,NOT NB,NOT NB
coreyevanmusic,M,NOT NB,NOT NB
CHeartsTrees,F,NOT NB,NOT NB
StringBassMotiv,M,NOT NB,NOT NB
momdragana,M,NOT NB,NB
itswalela,NB,NB,NOT NB
marteki,F,NOT NB,NOT NB
HESherman,M,NOT NB,NOT NB
TisforTMI,F,NOT NB,NOT NB
theshenners,NB,NB,NB
magdajoyce,F,NOT NB,NOT NB
axhawk,M,NOT NB,NOT NB
OhHeyDJ,M,NOT NB,NOT NB
rlorenxo,NB,NB,NOT NB
Khoshtistic,M,NOT NB,NB
StephenGKrueger,NB,NB,NOT NB
SpenserStarke,M,NOT NB,NOT NB
kevinspenst,M,NOT NB,NOT NB
jamestallosi,M,NOT NB,NOT NB
gwtrev,M,NOT NB,NOT NB
gauravsabnis,M,NOT NB,NOT NB
neonmoonmilk,NB,NB,NOT NB
JCKronin,NB,NB,NOT NB
TheAtomicMommy,F,NOT NB,NOT NB
tiffanymjewell,F,NOT NB,NOT NB
jonnysun,M,NOT NB,NB
AndiDealsPoker,F,NOT NB,NOT NB
skpodila,F,NOT NB,NOT NB
sjw_LauraKinney,NB,NB,NOT NB
efboltz,F,NOT NB,NOT NB
Shedrawsnigh,F,NOT NB,NOT NB
jonrosenberg,M,NOT NB,NOT NB
sunildasgupta4,M,NOT NB,NOT NB
ogflavorsstan,NB,NB,NB
TrackerJessica,F,NOT NB,NOT NB
blanketperson,M,NOT NB,NOT NB
KotaLee11,NB,NB,NB
BeckyAnnison,F,NOT NB,NOT NB
NifMuhammad,M,NOT NB,NOT NB
momdragana,M,NOT NB,NB
kvetchingguru,M,NOT NB,NOT NB
SweetVanLoan,F,NOT NB,NOT NB
obeykaedra,NB,NB,NB
iGregoryJohnson,M,NOT NB,NOT NB
victoriagrows,NB,NB,NOT NB
smolnswole,NB,NB,NB
suffolkvicar,M,NOT NB,NOT NB
Dr_Ronx,NB,NB,NB
paymentsexpert,M,NOT NB,NOT NB
JAMEE_NICOLEE,NB,NB,NOT NB
ryanlpainter,M,NOT NB,NOT NB
juniperinlatin,NB,NB,NB
iGregoryJohnson,M,NOT NB,NOT NB
cluelessthembo,NB,NB,NOT NB
KevinYa13099403,M,NOT NB,NOT NB
MrChambersMS,M,NOT NB,NOT NB
slayerscommathe,NB,NB,NOT NB
kiran_oliver,NB,NB,NB
fleshloathe,NB,NB,NB
Whilhorst,M,NOT NB,NOT NB
suffolkvicar,M,NOT NB,NOT NB
TheVersian,NB,NB,NOT NB
the_jasper_jane,NB,NB,NB
PossumOtroy,NB,NB,NB
namesescapeme,F,NOT NB,NOT NB
bybencarrier,M,NOT NB,NOT NB
goth_theyfriend,NB,NB,NB
dadiva18,F,NOT NB,NOT NB
WritNelson,M,NOT NB,NOT NB
PNambyar,NB,NB,NB
gpshead,M,NOT NB,NOT NB
abbsnocon,F,NOT NB,NOT NB
centralscot,M,NOT NB,NOT NB
TwitchWasHere,NB,NB,NB
JessiHonard,F,NOT NB,NOT NB
joelcadams,M,NOT NB,NOT NB
jonnysun,M,NOT NB,NB
TheTattooedProf,M,NOT NB,NOT NB
darcy,M,NOT NB,NOT NB
skpodila,F,NOT NB,NOT NB
ScritchfieldRD,F,NOT NB,NOT NB
Booker4KY,M,NOT NB,NOT NB
IanCrookshank,M,NOT NB,NOT NB
BeckyAnnison,F,NOT NB,NOT NB
IncredibleHulko,F,NOT NB,NOT NB
TheOneTAR,NB,NB,NB
RachEttinger,F,NOT NB,NOT NB
dm56892,NB,NB,NOT NB
lilamayhiggins,F,NOT NB,NOT NB
chic0junit,M,NOT NB,NOT NB
chic0junit,M,NOT NB,NOT NB
jetharrington,F,NOT NB,NOT NB
JasonCMarvin,M,NOT NB,NOT NB
PaulKawika,M,NOT NB,NOT NB
chic0junit,M,NOT NB,NOT NB
nevadawolfe,M,NOT NB,NOT NB
JamilaMHammami,NB,NB,NOT NB
LanceBass,M,NOT NB,NOT NB
kat_cahill,F,NOT NB,NOT NB
JasonCMarvin,M,NOT NB,NOT NB
gordonjdruby,M,NOT NB,NOT NB
ladiesbewild,F,NOT NB,NB
dogbitebaby,NB,NB,NB
shamarbeverly,M,NOT NB,NB
KateEMontgomery,F,NOT NB,NOT NB
Der_Pesse,M,NOT NB,NOT NB
geexella,NB,NB,NB
estebanuribe,M,NOT NB,NOT NB
cluelessthembo,NB,NB,NB
abbsnocon,F,NOT NB,NOT NB
Tsikbalichmaya,M,NOT NB,NOT NB
2014ORTOY,M,NOT NB,NOT NB
tstockstein,F,NOT NB,NOT NB
HerArtSheLoves,F,NOT NB,NOT NB
HESherman,M,NOT NB,NOT NB
PVeritySuarez,F,NOT NB,NOT NB
AshleyThaoDam,NB,NB,NB
HESherman,M,NOT NB,NOT NB
clubnobbie,M,NOT NB,NOT NB
JVTrev,NB,NB,NB
juniperinlatin,NB,NB,NB
_mpoe,NB,NB,NOT NB
annaecook,F,NOT NB,NB
wyrdgaest,M,NOT NB,NOT NB
Dorktagnan,NB,NB,NOT NB
briantschu,M,NOT NB,NOT NB
desikitteh,NB,NB,NB
paymentsexpert,M,NOT NB,NOT NB
TheObeeReardon,F,NOT NB,NOT NB
JamilaMHammami,NB,NB,NOT NB
RachEttinger,F,NOT NB,NOT NB
gojirama,F,NOT NB,NOT NB
nextpivotpoint,F,NOT NB,NOT NB
TheyThemTheEli,NB,NB,NB
Carla_TTBA,F,NOT NB,NOT NB
pastriesandcake,F,NOT NB,NOT NB
sjw_LauraKinney,NB,NB,NOT NB
brenda_slomka,F,NOT NB,NOT NB
TerriMLeBlanc,F,NOT NB,NOT NB
shmuel,M,NOT NB,NOT NB
__livvv_,F,NOT NB,NOT NB
MartinezforMD,M,NOT NB,NOT NB
docpalindrome,M,NOT NB,NOT NB
peachmakkoli,NB,NB,NB
JessiHonard,F,NOT NB,NB
PonderEducation,M,NOT NB,NOT NB
_Auntie_Aimee,F,NOT NB,NOT NB
thzinc,M,NOT NB,NOT NB
BilldeBlasio,M,NOT NB,NOT NB
becky__wong,F,NOT NB,NOT NB
pancake_bitch,NB,NB,NOT NB
prickly_boi,NB,NB,NOT NB
DuaneAnders,M,NOT NB,NOT NB
gsnedders,NB,NB,NOT NB
magdajoyce,F,NOT NB,NOT NB
jensinkler,F,NOT NB,NB
TeamSallySez,F,NOT NB,NOT NB
calvincamps,NB,NB,NOT NB
amberlynprince,F,NOT NB,NOT NB
SignifiedAutre,NB,NB,NOT NB
zephariouself,NB,NB,NB
AN_Goldstein,F,NOT NB,NOT NB
niamhnichuilinn,F,NOT NB,NOT NB
TallTechy,F,NOT NB,NOT NB
LeslieJoy1,F,NOT NB,NOT NB
leahtova,NB,NB,NOT NB
namesescapeme,F,NOT NB,NOT NB
BroussardRhonda,F,NOT NB,NOT NB
legalizegoblins,NB,NB,NOT NB
smarmyliberal,F,NOT NB,NOT NB
lilamayhiggins,F,NOT NB,NOT NB
zachhynes,M,NOT NB,NOT NB
MWSchollenberg,M,NOT NB,NOT NB
nagnagnag,M,NOT NB,NOT NB
amberlynprince,F,NOT NB,NOT NB
thelizzypearl,F,NOT NB,NOT NB
denn_daddy,M,NOT NB,NOT NB
gordonjdruby,M,NOT NB,NOT NB
cyanbloomm,NB,NB,NB
trobedsbitch,M,NOT NB,NOT NB
cpa12k,NB,NB,NOT NB
gordonjdruby,M,NOT NB,NOT NB
BlakeleyJenn,F,NOT NB,NOT NB
goldman,M,NOT NB,NOT NB
StacyRex,NB,NB,NOT NB
Anne_Kanopi,F,NOT NB,NOT NB
BigggRusss,M,NOT NB,NOT NB
austen_writes_,NB,NB,NOT NB
RukhsanaSyed,F,NOT NB,NOT NB
wilko_lauren,NB,NB,NOT NB
cyanbloomm,NB,NB,NB
joy_hoffman,F,NOT NB,NOT NB
OhHeyDJ,M,NOT NB,NOT NB
RobKendt,M,NOT NB,NOT NB
Rebecca__Rouse,F,NOT NB,NOT NB
JeremyCShipp,NB,NB,NOT NB
KrisEmilyMD,F,NOT NB,NOT NB
AGirlOfHerWords,F,NOT NB,NOT NB
traviszinnel,M,NOT NB,NOT NB
DomDiFurio,M,NOT NB,NB
lbdehertogh,F,NOT NB,NOT NB
pastordj,M,NOT NB,NOT NB
MWSchollenberg,M,NOT NB,NOT NB
StacyRex,NB,NB,NB
dudleypj,M,NOT NB,NOT NB
AndiDealsPoker,F,NOT NB,NOT NB
SpenserStarke,M,NOT NB,NOT NB
riymix,M,NOT NB,NOT NB
jhinthony,M,NOT NB,NB
DanceforMyself,NB,NB,NOT NB
JeremyCShipp,NB,NB,NOT NB
Dr_Ronx,NB,NB,NB
darkskintrudeau,NB,NB,NOT NB
SweetVanLoan,F,NOT NB,NB
MillennialXpert,F,NOT NB,NOT NB
PNambyar,NB,NB,NB
AJbigbadWolff,F,NOT NB,NB
juniperinlatin,NB,NB,NB
TrackerJessica,F,NOT NB,NOT NB
AtomicFirebird,NB,NB,NOT NB
jetharrington,F,NOT NB,NOT NB
KrisEmilyMD,F,NOT NB,NOT NB
austen_writes_,NB,NB,NOT NB
fdmts,M,NOT NB,NOT NB
allyrosecoll,F,NOT NB,NOT NB
dlabeach,M,NOT NB,NOT NB
showardtweets,F,NOT NB,NOT NB
wilko_lauren,NB,NB,NOT NB
robertemilem,M,NOT NB,NOT NB
scotryder,M,NOT NB,NOT NB
JamieSuchomel,F,NOT NB,NOT NB
chordaetendinae,NB,NB,NB
JaimeLidgard,NB,NB,NB
dudleypj,M,NOT NB,NOT NB
DanitheEngineer,F,NOT NB,NOT NB
ryanlpainter,M,NOT NB,NOT NB
joy_hoffman,F,NOT NB,NOT NB
shmuel,M,NOT NB,NOT NB
zachhynes,M,NOT NB,NOT NB
gsnedders,NB,NB,NOT NB
jmugele,M,NOT NB,NOT NB
crewmanalex,NB,NB,NOT NB
crewmanalex,NB,NB,NB
carr_8,F,NOT NB,NOT NB
zannalyons,F,NOT NB,NOT NB
msmegmassey,F,NOT NB,NOT NB
Ravelyn,F,NOT NB,NOT NB
Casually_Jay,M,NOT NB,NOT NB
wyrdgaest,M,NOT NB,NOT NB
slayerscommathe,NB,NB,NB
denn_daddy,M,NOT NB,NOT NB
ShaughnessyEmmy,F,NOT NB,NOT NB
_MistyGraves_,NB,NB,NB
sr_brownwriter,NB,NB,NB
_GreyWhite,NB,NB,NOT NB
QuirkyQwerssie,NB,NB,NB
joelcadams,M,NOT NB,NOT NB
dogbitebaby,NB,NB,NOT NB
robiliciousnz,M,NOT NB,NOT NB
leah_kelley,F,NOT NB,NOT NB
TwitchWasHere,NB,NB,NOT NB
AtomicFirebird,NB,NB,NOT NB
AngSuperPowers,F,NOT NB,NOT NB
TrackerJessica,F,NOT NB,NOT NB
carriefox,F,NOT NB,NOT NB
clubnobbie,M,NOT NB,NOT NB
kurtistowne,NB,NB,NOT NB
_awwsmm,M,NOT NB,NOT NB
poemsboutpoetry,M,NOT NB,NOT NB
werekoyote,NB,NB,NOT NB
OhHeyDJ,M,NOT NB,NB
jamestallosi,M,NOT NB,NOT NB
kevinlwei,NB,NB,NOT NB
transzoeperry,F,NOT NB,NOT NB
mischief_nerd,NB,NB,NOT NB
allisonelliots,NB,NB,NB
burst0fhope,NB,NB,NOT NB
almost5feet,F,NOT NB,NOT NB
RLynneHarris,F,NOT NB,NOT NB
RobKendt,M,NOT NB,NOT NB
Mr_He_Me_Him,M,NOT NB,NOT NB
gayspacepilot,NB,NB,NOT NB
nicycle,F,NOT NB,NOT NB
CHeartsTrees,F,NOT NB,NOT NB
coreyevanmusic,M,NOT NB,NOT NB
kat_cahill,F,NOT NB,NOT NB
luxxe_ember,NB,NB,NB
wilko_lauren,NB,NB,NOT NB
DeannaDanger,NB,NB,NB
RTWeirdZ,M,NOT NB,NOT NB
goldenthem,NB,NB,NB
annaecook,F,NOT NB,NB
MrChambersMS,M,NOT NB,NOT NB
Harrysgd,F,NOT NB,NOT NB
poemsboutpoetry,M,NOT NB,NB
brenda_slomka,F,NOT NB,NOT NB
mr_shiny,M,NOT NB,NOT NB
Calcifer_S,NB,NB,NB
LeslieJoy1,F,NOT NB,NOT NB
dadiva18,F,NOT NB,NOT NB
trobedsbitch,M,NOT NB,NB
traviszinnel,M,NOT NB,NOT NB
luxxe_ember,NB,NB,NB
AlyssaGins,F,NOT NB,NOT NB
TimLumpkins,M,NOT NB,NB
BigggRusss,M,NOT NB,NOT NB
ryanlpainter,M,NOT NB,NOT NB
itswalela,NB,NB,NOT NB
WritNelson,M,NOT NB,NOT NB
zannalyons,F,NOT NB,NOT NB
fdmts,M,NOT NB,NOT NB
RobKendt,M,NOT NB,NOT NB
TeamSallySez,F,NOT NB,NOT NB
asg__creations,NB,NB,NB
momdragana,M,NOT NB,NOT NB
thelizzypearl,F,NOT NB,NOT NB
gauravsabnis,M,NOT NB,NOT NB
jessicaeburke,F,NOT NB,NOT NB
AKapilashrami,F,NOT NB,NOT NB
They_Goblin,NB,NB,NB
sekisetsu,NB,NB,NB
magdajoyce,F,NOT NB,NOT NB
_MistyGraves_,NB,NB,NB
TerriMLeBlanc,F,NOT NB,NOT NB
startupjedi,M,NOT NB,NOT NB
sekisetsu,NB,NB,NB
juliannebrands,F,NOT NB,NOT NB
wyrdgaest,M,NOT NB,NOT NB
Rebecca__Rouse,F,NOT NB,NOT NB
BilldeBlasio,M,NOT NB,NOT NB
SheWasHer,F,NOT NB,NB
everestpipkin,NB,NB,NB
RachEttinger,F,NOT NB,NB
llimcole,F,NOT NB,NOT NB
Dorktagnan,NB,NB,NOT NB
PNambyar,NB,NB,NOT NB
MrJoeJenkins,M,NOT NB,NOT NB
sorenwork,NB,NB,NB
cpa12k,NB,NB,NOT NB
theshenners,NB,NB,NB
ShannonNara,F,NOT NB,NOT NB
gemmacaf,F,NOT NB,NOT NB
cybershaz,F,NOT NB,NOT NB
meghancaves,F,NOT NB,NOT NB
immacuIatechaos,NB,NB,NB
milokp,NB,NB,NB
gsnedders,NB,NB,NB
TheWallner,F,NOT NB,NOT NB
Shedrawsnigh,F,NOT NB,NOT NB
robiliciousnz,M,NOT NB,NOT NB
zachhynes,M,NOT NB,NOT NB
Jen_Ingham,F,NOT NB,NOT NB
smolnswole,NB,NB,NB
okiewhaler,M,NOT NB,NOT NB
AngSuperPowers,F,NOT NB,NOT NB
Archainis,M,NOT NB,NOT NB
devicenull,M,NOT NB,NOT NB
IanCrookshank,M,NOT NB,NOT NB
tiffanymjewell,F,NOT NB,NOT NB
jonosapien,M,NOT NB,NOT NB
showardtweets,F,NOT NB,NOT NB
sorenwork,NB,NB,NOT NB
TheVersian,NB,NB,NB
Khoshtistic,M,NOT NB,NB
DanceforMyself,NB,NB,NB
AlfredLewislll,M,NOT NB,NB
jguard_24,M,NOT NB,NOT NB
theredseraph,M,NOT NB,NB
estebanuribe,M,NOT NB,NOT NB
brittnhasty,F,NOT NB,NOT NB
scotryder,M,NOT NB,NOT NB
alightningrod,NB,NB,NOT NB
TallTechy,F,NOT NB,NOT NB
mertotter,M,NOT NB,NOT NB
DN_Bryn,NB,NB,NB
allisonelliots,NB,NB,NB
rlorenxo,NB,NB,NB
EviKline,F,NOT NB,NOT NB
TheRevMDM,M,NOT NB,NOT NB
enemyoftrust,NB,NB,NB
DanceforMyself,NB,NB,NOT NB
KateLechler,F,NOT NB,NB
TheRevMDM,M,NOT NB,NOT NB
RHicks,F,NOT NB,NOT NB
debdef,F,NOT NB,NOT NB
TisforTMI,F,NOT NB,NOT NB
Harrysgd,F,NOT NB,NOT NB
briantschu,M,NOT NB,NOT NB
docpalindrome,M,NOT NB,NOT NB
gauravsabnis,M,NOT NB,NOT NB
LeslieJoy1,F,NOT NB,NOT NB
4damHall,M,NOT NB,NOT NB
leftside,M,NOT NB,NOT NB
babybirkinbag,NB,NB,NB
almost5feet,F,NOT NB,NB
dan_foreman_EC,M,NOT NB,NOT NB
jmugele,M,NOT NB,NOT NB
trobedsbitch,M,NOT NB,NB
sapphicgiant,M,NOT NB,NB
Kmlaffs,F,NOT NB,NOT NB
fleshloathe,NB,NB,NB
Scuffsta,NB,NB,NOT NB
MSHenriksen,M,NOT NB,NOT NB
VS_Holmes,NB,NB,NOT NB
pattonsanders_q,M,NOT NB,NOT NB
ellenblunsdon,F,NOT NB,NB
llimcole,F,NOT NB,NOT NB
BenSandfelder,M,NOT NB,NOT NB
BeckyAnnison,F,NOT NB,NOT NB
juliannebrands,F,NOT NB,NOT NB
abbsnocon,F,NOT NB,NOT NB
denn_daddy,M,NOT NB,NB
cluelessthembo,NB,NB,NB
catrocketship,NB,NB,NOT NB
JamieSuchomel,F,NOT NB,NOT NB
Me_Like_Shiny,NB,NB,NB
JennyFloria,F,NOT NB,NOT NB
robiliciousnz,M,NOT NB,NOT NB
belchetron,M,NOT NB,NOT NB
zachhynes,M,NOT NB,NOT NB
Khoshtistic,M,NOT NB,NB
zanejchen,M,NOT NB,NOT NB
kristanshawgo,F,NOT NB,NOT NB
Ravelyn,F,NOT NB,NB
lizfromsela,F,NOT NB,NOT NB
amberlynprince,F,NOT NB,NOT NB
robertemilem,M,NOT NB,NOT NB
slayerscommathe,NB,NB,NB
Ashismcrtrash,M,NOT NB,NOT NB
gordonjdruby,M,NOT NB,NOT NB
amberlynprince,F,NOT NB,NOT NB
AddieDomske,F,NOT NB,NOT NB
RTWeirdZ,M,NOT NB,NOT NB
Primalglow,F,NOT NB,NOT NB
emilyfleuriot,F,NOT NB,NOT NB
Swell09,F,NOT NB,NOT NB
pancake_bitch,NB,NB,NB
Audiophilomilo,M,NOT NB,NB
joe_yer99,M,NOT NB,NOT NB
tstockstein,F,NOT NB,NOT NB
robainbinder,M,NOT NB,NOT NB
simplybellion,M,NOT NB,NB
luxxe_ember,NB,NB,NB
carr_8,F,NOT NB,NOT NB
AimiHamraie,NB,NB,NB
TheVersian,NB,NB,NB
marcscheff,M,NOT NB,NOT NB
Booker4KY,M,NOT NB,NOT NB
LauraJDouds,NB,NB,NB
__livvv_,F,NOT NB,NOT NB
PeterJKuo,M,NOT NB,NOT NB
luxxe_ember,NB,NB,NB
RTWeirdZ,M,NOT NB,NB
JamieSuchomel,F,NOT NB,NOT NB
msmegmassey,F,NOT NB,NOT NB
tstockstein,F,NOT NB,NOT NB
hiddeninabook,F,NOT NB,NOT NB
IndoorWTF,M,NOT NB,NOT NB
CommsGeekJamie,F,NOT NB,NOT NB
blanketperson,M,NOT NB,NOT NB
joelcadams,M,NOT NB,NOT NB
CherylRainfield,F,NOT NB,NOT NB
_mpoe,NB,NB,NOT NB
BenSandfelder,M,NOT NB,NOT NB
Booker4KY,M,NOT NB,NOT NB
jessicaeburke,F,NOT NB,NOT NB
paymentsexpert,M,NOT NB,NOT NB
arcticisleteach,F,NOT NB,NOT NB
EEADHorne,F,NOT NB,NOT NB
RobKendt,M,NOT NB,NOT NB
maxmasure,NB,NB,NOT NB
BlindMikah_Kez,NB,NB,NB
helllpapii,NB,NB,NOT NB
JennyFloria,F,NOT NB,NOT NB
pastriesandcake,F,NOT NB,NOT NB
prickly_boi,NB,NB,NB
TerriMLeBlanc,F,NOT NB,NOT NB
PaulKawika,M,NOT NB,NOT NB
CindyPAndrew1,F,NOT NB,NOT NB
SweetVanLoan,F,NOT NB,NB
AN_Goldstein,F,NOT NB,NOT NB
kat_cahill,F,NOT NB,NOT NB
kitsisto,NB,NB,NOT NB
JohannesEvans,M,NOT NB,NB
TheJasonGreene,M,NOT NB,NOT NB
nickytonline,M,NOT NB,NOT NB
dan_abramov,M,NOT NB,NOT NB
ellenblunsdon,F,NOT NB,NB
kurtistowne,NB,NB,NOT NB
smolqueerdragon,F,NOT NB,NB
ForWyo,F,NOT NB,NOT NB
dudleypj,M,NOT NB,NOT NB
Ironjotun,F,NOT NB,NOT NB
BenSandfelder,M,NOT NB,NB
JuliusGoat,M,NOT NB,NOT NB
Kmlaffs,F,NOT NB,NOT NB
kevinlwei,NB,NB,NB
Shedrawsnigh,F,NOT NB,NOT NB
lemonicelou,NB,NB,NOT NB
KateLechler,F,NOT NB,NOT NB
smolqueerdragon,F,NOT NB,NB
James_C_Mccloy,M,NOT NB,NOT NB
kat_cahill,F,NOT NB,NOT NB
JennaMagnuski,F,NOT NB,NOT NB
gayspacepilot,NB,NB,NB
Scuffsta,NB,NB,NB
joy_hoffman,F,NOT NB,NOT NB
brittnhasty,F,NOT NB,NOT NB
e_p82,M,NOT NB,NOT NB
stevie__mx,NB,NB,NB
ogflavorsstan,NB,NB,NB
newsmansimon,M,NOT NB,NB
FredTJoseph,M,NOT NB,NOT NB
chic0junit,M,NOT NB,NOT NB
luxxe_ember,NB,NB,NB
DanaeWriting,NB,NB,NB
wee_bairn,M,NOT NB,NB
eswtang,M,NOT NB,NOT NB
cluelessthembo,NB,NB,NB
dogbitebaby,NB,NB,NB
jana_aych_ess,NB,NB,NB
BroussardRhonda,F,NOT NB,NOT NB
They_Goblin,NB,NB,NB
Harrysgd,F,NOT NB,NOT NB
Me_Like_Shiny,NB,NB,NB
_Auntie_Aimee,F,NOT NB,NOT NB
emilyfleuriot,F,NOT NB,NOT NB
JCKronin,NB,NB,NB
DadBeard,M,NOT NB,NOT NB
JennyFloria,F,NOT NB,NOT NB
TisforTMI,F,NOT NB,NOT NB
MacaqueyFreedom,NB,NB,NB
pattonsanders_q,M,NOT NB,NB
LELIAHSADE,NB,NB,NB
JuliusGoat,M,NOT NB,NOT NB
magdajoyce,F,NOT NB,NOT NB
tstockstein,F,NOT NB,NOT NB
enemyoftrust,NB,NB,NOT NB
TheJasonGreene,M,NOT NB,NOT NB
KevinJFellows,M,NOT NB,NOT NB
clubnobbie,M,NOT NB,NOT NB
Stacyc55,F,NOT NB,NOT NB
makmakdaddy,F,NOT NB,NOT NB
maxmasure,NB,NB,NOT NB
AimiHamraie,NB,NB,NB
SidewaysSiren,NB,NB,NOT NB
DanitheEngineer,F,NOT NB,NOT NB
JonathanJR732,M,NOT NB,NOT NB
dadiva18,F,NOT NB,NOT NB
DeNovo_Fatima,F,NOT NB,NOT NB
RiderOfBrohon,NB,NB,NB
isaacangelz,NB,NB,NB
jmugele,M,NOT NB,NOT NB
becky__wong,F,NOT NB,NOT NB
jonnysun,M,NOT NB,NOT NB
StephenGKrueger,NB,NB,NB
AlexHarrowSFF,NB,NB,NOT NB
TheyThemTheEli,NB,NB,NB
goldman,M,NOT NB,NOT NB
teachingmissk,F,NOT NB,NOT NB
zephariouself,NB,NB,NB
WispsOfLove,NB,NB,NB
zachhynes,M,NOT NB,NOT NB
denn_daddy,M,NOT NB,NB
cyanbloomm,NB,NB,NB
kim_alloway,NB,NB,NOT NB
burst0fhope,NB,NB,NOT NB
TwitchWasHere,NB,NB,NOT NB
AKapilashrami,F,NOT NB,NOT NB
fmanjoo,NB,NB,NOT NB
RuthEJBooth,NB,NB,NOT NB
estebanuribe,M,NOT NB,NOT NB
alightningrod,NB,NB,NOT NB
HeyDoryen,NB,NB,NOT NB
sjw_LauraKinney,NB,NB,NOT NB
ShesHerOwnCEO,F,NOT NB,NOT NB
kmishmael,F,NOT NB,NOT NB
mr_shiny,M,NOT NB,NOT NB
TallTechy,F,NOT NB,NOT NB
sekisetsu,NB,NB,NB
Booker4KY,M,NOT NB,NOT NB
grooveplex,M,NOT NB,NOT NB
Nancy_RS_Parson,F,NOT NB,NB
prmorphine,M,NOT NB,NOT NB
TheyThemTheEli,NB,NB,NB
MacaqueyFreedom,NB,NB,NB
jmugele,M,NOT NB,NOT NB
cwalterswrite,M,NOT NB,NOT NB
emilyfleuriot,F,NOT NB,NOT NB
almost5feet,F,NOT NB,NOT NB
AKapilashrami,F,NOT NB,NOT NB
cluelessthembo,NB,NB,NB
RachEttinger,F,NOT NB,NOT NB
JennyFloria,F,NOT NB,NOT NB
SpenserStarke,M,NOT NB,NOT NB
SpenserStarke,M,NOT NB,NOT NB
PossumOtroy,NB,NB,NOT NB
jamsternazzy,NB,NB,NB
samleehartsock,F,NOT NB,NOT NB
prmorphine,M,NOT NB,NOT NB
jmugele,M,NOT NB,NOT NB
leftside,M,NOT NB,NOT NB
PeterJKuo,M,NOT NB,NOT NB
Ashismcrtrash,M,NOT NB,NB
oddin85,M,NOT NB,NOT NB
StormyBuckets,NB,NB,NB
MillennialXpert,F,NOT NB,NOT NB
victoriagrows,NB,NB,NOT NB
JuliusGoat,M,NOT NB,NOT NB
efboltz,F,NOT NB,NOT NB
vkatariya8,M,NOT NB,NOT NB
KimberlyGrommes,F,NOT NB,NOT NB
shelvethebooks,NB,NB,NB
debdef,F,NOT NB,NOT NB
joe_yer99,M,NOT NB,NB
gpshead,M,NOT NB,NOT NB
rlorenxo,NB,NB,NB
StacyRex,NB,NB,NB
khal_essie,F,NOT NB,NB
suffolkvicar,M,NOT NB,NOT NB
namesescapeme,F,NOT NB,NOT NB
asg__creations,NB,NB,NOT NB
Shedrawsnigh,F,NOT NB,NOT NB
PrestonMitchum,M,NOT NB,NOT NB
Rebecca__Rouse,F,NOT NB,NOT NB
ClariceDAiello,F,NOT NB,NOT NB
peachmakkoli,NB,NB,NB
LeslieJoy1,F,NOT NB,NOT NB
oddin85,M,NOT NB,NB
transzoeperry,F,NOT NB,NOT NB
wyrdgaest,M,NOT NB,NB
dodgethistweet,M,NOT NB,NOT NB
legalizegoblins,NB,NB,NB
Khoshtistic,M,NOT NB,NB
khal_essie,F,NOT NB,NOT NB
thzinc,M,NOT NB,NOT NB
TheJasonGreene,M,NOT NB,NOT NB
BucketheadCase,M,NOT NB,NOT NB
Calcifer_S,NB,NB,NB
brendajos,F,NOT NB,NOT NB
acbowen,M,NOT NB,NOT NB
SunshineChasing,F,NOT NB,NOT NB
lilamayhiggins,F,NOT NB,NOT NB
AmmehMorton,NB,NB,NOT NB
They_Goblin,NB,NB,NOT NB
TheVersian,NB,NB,NB
loeyjopez07,M,NOT NB,NOT NB
everestpipkin,NB,NB,NB
WispsOfLove,NB,NB,NOT NB
TheAtomicMommy,F,NOT NB,NOT NB
MrJoeJenkins,M,NOT NB,NOT NB
JamilaMHammami,NB,NB,NOT NB
everestpipkin,NB,NB,NOT NB
stephrwhite11,F,NOT NB,NOT NB
zephariouself,NB,NB,NB
TeamSallySez,F,NOT NB,NOT NB
zannalyons,F,NOT NB,NOT NB
JeremyCShipp,NB,NB,NOT NB
shmuel,M,NOT NB,NOT NB
theredseraph,M,NOT NB,NB
joe_yer99,M,NOT NB,NB
becky__wong,F,NOT NB,NOT NB
dan_abramov,M,NOT NB,NOT NB
CABreretonKY,F,NOT NB,NOT NB
AlexHarrowSFF,NB,NB,NB
ArtioMurphy,NB,NB,NB
roeldobbe,M,NOT NB,NOT NB
KimberlyGrommes,F,NOT NB,NOT NB
mcnees,M,NOT NB,NOT NB
suffolkvicar,M,NOT NB,NOT NB
AlyssaGins,F,NOT NB,NOT NB
milokp,NB,NB,NOT NB
SidewaysSiren,NB,NB,NB
becky__wong,F,NOT NB,NOT NB
CABreretonKY,F,NOT NB,NOT NB
RuthEJBooth,NB,NB,NOT NB
kim_alloway,NB,NB,NOT NB
DomDiFurio,M,NOT NB,NOT NB
meghancaves,F,NOT NB,NOT NB
startupjedi,M,NOT NB,NOT NB
zachhynes,M,NOT NB,NOT NB
nickytonline,M,NOT NB,NOT NB
HESherman,M,NOT NB,NOT NB
juniperinlatin,NB,NB,NB
MillennialXpert,F,NOT NB,NOT NB
gemmacaf,F,NOT NB,NOT NB
MsMandyJ,F,NOT NB,NOT NB
BowtiesBooks,NB,NB,NOT NB
suffolkvicar,M,NOT NB,NOT NB
stephrwhite11,F,NOT NB,NOT NB
sjforman99,M,NOT NB,NB
cwalterswrite,M,NOT NB,NOT NB
roeldobbe,M,NOT NB,NOT NB
leftside,M,NOT NB,NOT NB
BucketheadCase,M,NOT NB,NOT NB
jonnysun,M,NOT NB,NOT NB
camikaos,F,NOT NB,NB
Shedrawsnigh,F,NOT NB,NOT NB
LanceBass,M,NOT NB,NOT NB
TheJasonGreene,M,NOT NB,NOT NB
JaimeLidgard,NB,NB,NB
BlakeleyJenn,F,NOT NB,NOT NB
justjerdi,F,NOT NB,NOT NB
brendajos,F,NOT NB,NOT NB
kevinlwei,NB,NB,NOT NB
leftside,M,NOT NB,NOT NB
BeverlyYanuaria,F,NOT NB,NOT NB
partlycara,NB,NB,NB
erinkburrell,F,NOT NB,NOT NB
EEADHorne,F,NOT NB,NOT NB
prickly_boi,NB,NB,NB
CommsGeekJamie,F,NOT NB,NOT NB
EviKline,F,NOT NB,NOT NB
HistoryMuppet,M,NOT NB,NOT NB
Audiophilomilo,M,NOT NB,NB
jonnysun,M,NOT NB,NOT NB
gauravsabnis,M,NOT NB,NOT NB
leahtova,NB,NB,NOT NB
husslington,M,NOT NB,NOT NB
meaganintx,F,NOT NB,NOT NB
tiffanymjewell,F,NOT NB,NOT NB
EliPresidente,M,NOT NB,NB
burst0fhope,NB,NB,NB
Ashismcrtrash,M,NOT NB,NB
suzannemrivera,F,NOT NB,NOT NB
PonderEducation,M,NOT NB,NOT NB
smarmyliberal,F,NOT NB,NB
Theclairrock,NB,NB,NOT NB
scotryder,M,NOT NB,NOT NB
DonnaSteff,F,NOT NB,NOT NB
anthoknees,NB,NB,NB
marteki,F,NOT NB,NOT NB
MSHenriksen,M,NOT NB,NOT NB
robertemilem,M,NOT NB,NOT NB
AJbigbadWolff,F,NOT NB,NB
thelizzypearl,F,NOT NB,NOT NB
Archainis,M,NOT NB,NOT NB
BroussardRhonda,F,NOT NB,NOT NB
CherylRainfield,F,NOT NB,NOT NB
goth_theyfriend,NB,NB,NB
BeefGriller,M,NOT NB,NOT NB
iGregoryJohnson,M,NOT NB,NOT NB
Calcifer_S,NB,NB,NOT NB
kevinlwei,NB,NB,NOT NB
shamarbeverly,M,NOT NB,NB
AmmehMorton,NB,NB,NB
ForWyo,F,NOT NB,NOT NB
RLynneHarris,F,NOT NB,NOT NB
sekisetsu,NB,NB,NOT NB
TheVersian,NB,NB,NOT NB
KrisEmilyMD,F,NOT NB,NOT NB
denn_daddy,M,NOT NB,NB
AlfredLewislll,M,NOT NB,NB
becky__wong,F,NOT NB,NOT NB
QuirkyQwerssie,NB,NB,NB
CindyPAndrew1,F,NOT NB,NOT NB
eswtang,M,NOT NB,NOT NB
justjerdi,F,NOT NB,NOT NB
amberlynprince,F,NOT NB,NOT NB
dalehirt,M,NOT NB,NOT NB
poemsboutpoetry,M,NOT NB,NOT NB
NifMuhammad,M,NOT NB,NOT NB
joelcadams,M,NOT NB,NOT NB
Casually_Jay,M,NOT NB,NOT NB
Anne_Kanopi,F,NOT NB,NOT NB
cybershaz,F,NOT NB,NB
allisonelliots,NB,NB,NB
BroussardRhonda,F,NOT NB,NOT NB
RaymondForbes,M,NOT NB,NOT NB
daydreamacnh,NB,NB,NB
zzzooeee,F,NOT NB,NOT NB
Aliwaba,F,NOT NB,NOT NB
CHeartsTrees,F,NOT NB,NOT NB
mcnees,M,NOT NB,NOT NB
tisaneg,M,NOT NB,NOT NB
PrestonMitchum,M,NOT NB,NOT NB
AngSuperPowers,F,NOT NB,NOT NB
FamDoc_Forest,F,NOT NB,NOT NB
kitsisto,NB,NB,NOT NB
maddywiebe97,NB,NB,NB
Khoshtistic,M,NOT NB,NB
zachhynes,M,NOT NB,NOT NB
CherylRainfield,F,NOT NB,NOT NB
mischief_nerd,NB,NB,NOT NB
sjw_LauraKinney,NB,NB,NB
Anne_Kanopi,F,NOT NB,NOT NB
maddywiebe97,NB,NB,NB
tiffanymjewell,F,NOT NB,NOT NB
PossumOtroy,NB,NB,NB
inspirasian51,NB,NB,NB
Debbieterras,F,NOT NB,NOT NB
AJbigbadWolff,F,NOT NB,NB
babybirkinbag,NB,NB,NB
milokp,NB,NB,NB
gantpants,M,NOT NB,NOT NB
StephenGKrueger,NB,NB,NOT NB
maxmasure,NB,NB,NOT NB
prmorphine,M,NOT NB,NOT NB
emilyfleuriot,F,NOT NB,NOT NB
dadiva18,F,NOT NB,NOT NB
dodgethistweet,M,NOT NB,NOT NB
maddywiebe97,NB,NB,NB
debdef,F,NOT NB,NOT NB
PupTetris,NB,NB,NOT NB
newsmansimon,M,NOT NB,NOT NB
andybelford,M,NOT NB,NOT NB
Rebeckaht,NB,NB,NB
legalizegoblins,NB,NB,NOT NB
MacaqueyFreedom,NB,NB,NB
bensheldon,M,NOT NB,NOT NB
DeNovo_Fatima,F,NOT NB,NOT NB
PossumOtroy,NB,NB,NOT NB
robiliciousnz,M,NOT NB,NOT NB
jonnysun,M,NOT NB,NOT NB
Merc_Wolfmoor,NB,NB,NOT NB
blanketperson,M,NOT NB,NOT NB
theMattDouglas,M,NOT NB,NOT NB
MacaqueyFreedom,NB,NB,NOT NB
mcnees,M,NOT NB,NOT NB
khal_essie,F,NOT NB,NOT NB
BilldeBlasio,M,NOT NB,NOT NB
CHeartsTrees,F,NOT NB,NOT NB
okiewhaler,M,NOT NB,NOT NB
niamhnichuilinn,F,NOT NB,NOT NB
ScritchfieldRD,F,NOT NB,NOT NB
LeslieJoy1,F,NOT NB,NOT NB
DN_Bryn,NB,NB,NB
DrMLChivers,F,NOT NB,NOT NB
FamDoc_Forest,F,NOT NB,NOT NB
tstockstein,F,NOT NB,NOT NB
startupjedi,M,NOT NB,NOT NB
samleehartsock,F,NOT NB,NOT NB
marcscheff,M,NOT NB,NOT NB
jensinkler,F,NOT NB,NOT NB
CHeartsTrees,F,NOT NB,NOT NB
lemonicelou,NB,NB,NB
almost5feet,F,NOT NB,NOT NB
nextpivotpoint,F,NOT NB,NOT NB
EEADHorne,F,NOT NB,NOT NB
fdmts,M,NOT NB,NOT NB
theredseraph,M,NOT NB,NB
LanceBass,M,NOT NB,NOT NB
Whilhorst,M,NOT NB,NOT NB
dudleypj,M,NOT NB,NOT NB
cpa12k,NB,NB,NB
blanketperson,M,NOT NB,NOT NB
HistoryNed,M,NOT NB,NOT NB
maxmasure,NB,NB,NOT NB
jessicaeburke,F,NOT NB,NOT NB
RisukaMisai,NB,NB,NB
lalonsocorona,NB,NB,NOT NB
AlyssaGins,F,NOT NB,NOT NB
MillennialXpert,F,NOT NB,NOT NB
kercoby,NB,NB,NB
asg__creations,NB,NB,NB
MSHenriksen,M,NOT NB,NOT NB
joe_yer99,M,NOT NB,NOT NB
CurtisCChen,M,NOT NB,NOT NB
dalehirt,M,NOT NB,NOT NB
adapperprof,F,NOT NB,NOT NB
TrackerJessica,F,NOT NB,NOT NB
chordaetendinae,NB,NB,NOT NB
oakandfur,M,NOT NB,NOT NB
StringBassMotiv,M,NOT NB,NOT NB
chrisgwilliams,M,NOT NB,NOT NB
milokp,NB,NB,NB
victoriagrows,NB,NB,NOT NB
isaacangelz,NB,NB,NB
KevinIrvineChi,M,NOT NB,NOT NB
LanceBass,M,NOT NB,NOT NB
cherryukika,NB,NB,NOT NB
asg__creations,NB,NB,NOT NB
Rebeckaht,NB,NB,NB
roeldobbe,M,NOT NB,NOT NB
robiliciousnz,M,NOT NB,NOT NB
TawnyRoseCase,NB,NB,NB
dudleypj,M,NOT NB,NOT NB
KateLechler,F,NOT NB,NOT NB
carr_8,F,NOT NB,NOT NB
newsmansimon,M,NOT NB,NOT NB
DanaeWriting,NB,NB,NB
trobedsbitch,M,NOT NB,NB
AlexHarrowSFF,NB,NB,NOT NB
niamhnichuilinn,F,NOT NB,NOT NB
AfterEpilogue,F,NOT NB,NB
HistoryMuppet,M,NOT NB,NOT NB
DanaeWriting,NB,NB,NB
MeInMidAir,F,NOT NB,NB
cyanbloomm,NB,NB,NB
rob_kabobb,M,NOT NB,NOT NB
pattonsanders_q,M,NOT NB,NB
kim_hoyos,F,NOT NB,NOT NB
amacduffking,F,NOT NB,NOT NB
anthonybgay1,NB,NB,NB
DanceforMyself,NB,NB,NOT NB
EliPresidente,M,NOT NB,NOT NB
melissabalsan,F,NOT NB,NOT NB
TheVersian,NB,NB,NB
Maybe_Ketamine,F,NOT NB,NOT NB
efboltz,F,NOT NB,NOT NB
MillennialXpert,F,NOT NB,NOT NB
CorinaStMartin,F,NOT NB,NOT NB
zzzooeee,F,NOT NB,NOT NB
TheJasonGreene,M,NOT NB,NOT NB
LWPBdotnet,F,NOT NB,NOT NB
samleehartsock,F,NOT NB,NOT NB
brittnhasty,F,NOT NB,NOT NB
cluelessthembo,NB,NB,NOT NB
wee_bairn,M,NOT NB,NOT NB
JeremyCShipp,NB,NB,NOT NB
goldman,M,NOT NB,NOT NB
Archainis,M,NOT NB,NOT NB
warofthesuburbs,M,NOT NB,NOT NB
vkatariya8,M,NOT NB,NOT NB
wilko_lauren,NB,NB,NOT NB
asg__creations,NB,NB,NB
AliceSkary,NB,NB,NB
burst0fhope,NB,NB,NB
cybershaz,F,NOT NB,NOT NB
sorenwork,NB,NB,NB
DN_Bryn,NB,NB,NOT NB
AfterEpilogue,F,NOT NB,NOT NB
davemusson,M,NOT NB,NOT NB
RLynneHarris,F,NOT NB,NOT NB
Swell09,F,NOT NB,NOT NB
__livvv_,F,NOT NB,NOT NB
TwitchWasHere,NB,NB,NB
ShannonNara,F,NOT NB,NOT NB
jonrosenberg,M,NOT NB,NOT NB
Ashismcrtrash,M,NOT NB,NB
kurtistowne,NB,NB,NB
vinayaravind,M,NOT NB,NOT NB
BilldeBlasio,M,NOT NB,NOT NB
victoriagrows,NB,NB,NOT NB
gsnedders,NB,NB,NB
gauravsabnis,M,NOT NB,NOT NB
AndreasAdHoc,NB,NB,NB
leftside,M,NOT NB,NOT NB
SilverlionPrime,M,NOT NB,NOT NB
TrinityTheTuck,NB,NB,NOT NB
VS_Holmes,NB,NB,NOT NB
goth_theyfriend,NB,NB,NB
lbdehertogh,F,NOT NB,NOT NB
Merc_Wolfmoor,NB,NB,NB
gordonjdruby,M,NOT NB,NOT NB
MeInMidAir,F,NOT NB,NOT NB
rlorenxo,NB,NB,NOT NB
KateEMontgomery,F,NOT NB,NOT NB
shamarbeverly,M,NOT NB,NOT NB
LolNoNom,M,NOT NB,NB
amberlynprince,F,NOT NB,NOT NB
AlexHarrowSFF,NB,NB,NB
mcnees,M,NOT NB,NOT NB
AJbigbadWolff,F,NOT NB,NOT NB
lalonsocorona,NB,NB,NOT NB
EEADHorne,F,NOT NB,NOT NB
cynicalbrock,M,NOT NB,NB
theredseraph,M,NOT NB,NB
James_C_Mccloy,M,NOT NB,NOT NB
darcy,M,NOT NB,NOT NB
sallyrose1214,F,NOT NB,NOT NB
ShannonNara,F,NOT NB,NOT NB
kim_alloway,NB,NB,NOT NB
MSHenriksen,M,NOT NB,NOT NB
sr_brownwriter,NB,NB,NB
SarahSloane,F,NOT NB,NOT NB
ScritchfieldRD,F,NOT NB,NOT NB
Archainis,M,NOT NB,NOT NB
davemusson,M,NOT NB,NB
dlabeach,M,NOT NB,NOT NB
PVeritySuarez,F,NOT NB,NOT NB
coreyevanmusic,M,NOT NB,NOT NB
BeverlyYanuaria,F,NOT NB,NOT NB
brittnhasty,F,NOT NB,NOT NB
mischief_nerd,NB,NB,NOT NB
gantpants,M,NOT NB,NOT NB
JAMEE_NICOLEE,NB,NB,NOT NB
PVeritySuarez,F,NOT NB,NOT NB
robiliciousnz,M,NOT NB,NOT NB
BowtiesBooks,NB,NB,NOT NB
CHeartsTrees,F,NOT NB,NOT NB
TheBlackFemVeg,NB,NB,NOT NB
KateEMontgomery,F,NOT NB,NB
JVTrev,NB,NB,NOT NB
simplybellion,M,NOT NB,NB
thegaythey,NB,NB,NOT NB
leilazadeh,F,NOT NB,NOT NB
jvlioedel,NB,NB,NB
stevie__mx,NB,NB,NOT NB
mertotter,M,NOT NB,NOT NB
JessiHonard,F,NOT NB,NOT NB
EEADHorne,F,NOT NB,NOT NB
partlycara,NB,NB,NB
joy_hoffman,F,NOT NB,NOT NB
MC_of_A,M,NOT NB,NOT NB
DanaeWriting,NB,NB,NB
DanaeWriting,NB,NB,NB
dodgethistweet,M,NOT NB,NOT NB
mertotter,M,NOT NB,NB
RuthEJBooth,NB,NB,NOT NB
Anne_Kanopi,F,NOT NB,NOT NB
jvlioedel,NB,NB,NB
joy_hoffman,F,NOT NB,NOT NB
BroussardRhonda,F,NOT NB,NOT NB
IncredibleHulko,F,NOT NB,NOT NB
jetharrington,F,NOT NB,NOT NB
annaecook,F,NOT NB,NB
riccjohn,M,NOT NB,NOT NB
DuaneAnders,M,NOT NB,NOT NB
DanceforMyself,NB,NB,NOT NB
KevinYa13099403,M,NOT NB,NOT NB
KevinYa13099403,M,NOT NB,NB
wyrdgaest,M,NOT NB,NB
philcritchley,M,NOT NB,NOT NB
Casually_Jay,M,NOT NB,NOT NB
HerArtSheLoves,F,NOT NB,NOT NB
pastordj,M,NOT NB,NOT NB
dogbitebaby,NB,NB,NB
IanCrookshank,M,NOT NB,NOT NB
CherylRainfield,F,NOT NB,NOT NB
niamhnichuilinn,F,NOT NB,NOT NB
joelcadams,M,NOT NB,NOT NB
debdef,F,NOT NB,NOT NB
Scuffsta,NB,NB,NOT NB
kevinspenst,M,NOT NB,NOT NB
2014ORTOY,M,NOT NB,NOT NB
BroussardRhonda,F,NOT NB,NOT NB
tzottoladrift,F,NOT NB,NOT NB
briantschu,M,NOT NB,NOT NB
hiddeninabook,F,NOT NB,NOT NB
_MistyGraves_,NB,NB,NOT NB
juliannebrands,F,NOT NB,NB
prmorphine,M,NOT NB,NOT NB
jamsternazzy,NB,NB,NB
bybencarrier,M,NOT NB,NOT NB
shmuel,M,NOT NB,NOT NB
cluelessthembo,NB,NB,NB
JoEatsFood,NB,NB,NB
theredseraph,M,NOT NB,NB
abbsnocon,F,NOT NB,NOT NB
FredTJoseph,M,NOT NB,NB
partlycara,NB,NB,NB
gordonjdruby,M,NOT NB,NOT NB
GleamDavis,F,NOT NB,NOT NB
TheRevMDM,M,NOT NB,NOT NB
BilldeBlasio,M,NOT NB,NOT NB
thegaythey,NB,NB,NOT NB
sorenwork,NB,NB,NOT NB
CindyPAndrew1,F,NOT NB,NOT NB
victoriagrows,NB,NB,NOT NB
CindyPAndrew1,F,NOT NB,NOT NB
HistoryNed,M,NOT NB,NOT NB
centralscot,M,NOT NB,NOT NB
SarahSloane,F,NOT NB,NOT NB
Debbieterras,F,NOT NB,NOT NB
melissabalsan,F,NOT NB,NOT NB
SarahSloane,F,NOT NB,NOT NB
chordaetendinae,NB,NB,NOT NB
GleamDavis,F,NOT NB,NOT NB
daydreamacnh,NB,NB,NOT NB
AliceSkary,NB,NB,NB
lburkins,F,NOT NB,NOT NB
KateLechler,F,NOT NB,NOT NB
Debbieterras,F,NOT NB,NOT NB
Casually_Jay,M,NOT NB,NOT NB
davemusson,M,NOT NB,NOT NB
PonderEducation,M,NOT NB,NOT NB
MWSchollenberg,M,NOT NB,NOT NB
theMattDouglas,M,NOT NB,NOT NB
thzinc,M,NOT NB,NOT NB
TeamSallySez,F,NOT NB,NOT NB
itswalela,NB,NB,NOT NB
kat_cahill,F,NOT NB,NOT NB
warofthesuburbs,M,NOT NB,NOT NB
cherryukika,NB,NB,NB
DonnaSteff,F,NOT NB,NOT NB
IanCrookshank,M,NOT NB,NOT NB
EEADHorne,F,NOT NB,NOT NB
zachhynes,M,NOT NB,NOT NB
mjgiarlo,M,NOT NB,NOT NB
UA_Mr_Harrell,M,NOT NB,NOT NB
nickytonline,M,NOT NB,NOT NB
roeldobbe,M,NOT NB,NOT NB
trobedsbitch,M,NOT NB,NB
justjerdi,F,NOT NB,NOT NB
alightningrod,NB,NB,NOT NB
BlindMikah_Kez,NB,NB,NB
llimcole,F,NOT NB,NOT NB
StephenGKrueger,NB,NB,NB
gojirama,F,NOT NB,NOT NB
JessiHonard,F,NOT NB,NOT NB
lalonsocorona,NB,NB,NOT NB
everestpipkin,NB,NB,NOT NB
HESherman,M,NOT NB,NOT NB
nagnagnag,M,NOT NB,NOT NB
robertemilem,M,NOT NB,NOT NB
Whilhorst,M,NOT NB,NOT NB
dodgethistweet,M,NOT NB,NOT NB
SweetVanLoan,F,NOT NB,NOT NB
TimLumpkins,M,NOT NB,NOT NB
Kmlaffs,F,NOT NB,NOT NB
smarmyliberal,F,NOT NB,NB
fairytopialex,NB,NB,NOT NB
josueisbaby,NB,NB,NB
darkskintrudeau,NB,NB,NB
jonrosenberg,M,NOT NB,NOT NB
marteki,F,NOT NB,NOT NB
TheObeeReardon,F,NOT NB,NOT NB
fairytopialex,NB,NB,NB
StormyBuckets,NB,NB,NB
Audiophilomilo,M,NOT NB,NB
DuaneAnders,M,NOT NB,NOT NB
Nylons,F,NOT NB,NOT NB
WispsOfLove,NB,NB,NB
everestpipkin,NB,NB,NOT NB
MeInMidAir,F,NOT NB,NOT NB
a6daughter,NB,NB,NB
becky__wong,F,NOT NB,NOT NB
simpleaslight,NB,NB,NB
HeyDoryen,NB,NB,NOT NB
kercoby,NB,NB,NOT NB
JohannesEvans,M,NOT NB,NOT NB
wilko_lauren,NB,NB,NB
AngSuperPowers,F,NOT NB,NOT NB
belchetron,M,NOT NB,NOT NB
smarmyliberal,F,NOT NB,NOT NB
becky__wong,F,NOT NB,NOT NB
chordaetendinae,NB,NB,NOT NB
jvlioedel,NB,NB,NB
LauraJDouds,NB,NB,NB
TerriMLeBlanc,F,NOT NB,NOT NB
desikitteh,NB,NB,NOT NB
HistoryNed,M,NOT NB,NOT NB
WritNelson,M,NOT NB,NB
KateEMontgomery,F,NOT NB,NOT NB
Khoshtistic,M,NOT NB,NB
jonosapien,M,NOT NB,NOT NB
goldenthem,NB,NB,NB
annaecook,F,NOT NB,NOT NB
dan_foreman_EC,M,NOT NB,NOT NB
skpodila,F,NOT NB,NOT NB
Debbieterras,F,NOT NB,NOT NB
AfterEpilogue,F,NOT NB,NOT NB
abbsnocon,F,NOT NB,NOT NB
meghancaves,F,NOT NB,NOT NB
lburkins,F,NOT NB,NOT NB
JessiHonard,F,NOT NB,NOT NB
jmugele,M,NOT NB,NOT NB
belchetron,M,NOT NB,NOT NB
EPantano,M,NOT NB,NOT NB
marxmenace,M,NOT NB,NOT NB
jensinkler,F,NOT NB,NOT NB
maddywiebe97,NB,NB,NB
HistoryMuppet,M,NOT NB,NOT NB
BlindMikah_Kez,NB,NB,NB
Jen_Ingham,F,NOT NB,NOT NB
LELIAHSADE,NB,NB,NOT NB
PaulKawika,M,NOT NB,NOT NB
TimLumpkins,M,NOT NB,NOT NB
alightningrod,NB,NB,NOT NB
kim_alloway,NB,NB,NB
tstockstein,F,NOT NB,NOT NB
AddieDomske,F,NOT NB,NOT NB
lizfromsela,F,NOT NB,NOT NB
the_jasper_jane,NB,NB,NB
sunildasgupta4,M,NOT NB,NOT NB
roeldobbe,M,NOT NB,NOT NB
fierybelly,F,NOT NB,NOT NB
LeslieJoy1,F,NOT NB,NOT NB
obeykaedra,NB,NB,NB
CommsGeekJamie,F,NOT NB,NOT NB
kvetchingguru,M,NOT NB,NOT NB
znmeb,M,NOT NB,NOT NB
PupTetris,NB,NB,NOT NB
SweetVanLoan,F,NOT NB,NOT NB
slayerscommathe,NB,NB,NOT NB
_MistyGraves_,NB,NB,NB
Aliwaba,F,NOT NB,NOT NB
_awwsmm,M,NOT NB,NOT NB
traviszinnel,M,NOT NB,NOT NB
_awwsmm,M,NOT NB,NB
gpshead,M,NOT NB,NOT NB
Merc_Wolfmoor,NB,NB,NOT NB
dalehirt,M,NOT NB,NB
dan_h72,M,NOT NB,NOT NB
cybershaz,F,NOT NB,NOT NB
hawklord2112,M,NOT NB,NOT NB
rlorenxo,NB,NB,NOT NB
makmakdaddy,F,NOT NB,NOT NB
HistoryNed,M,NOT NB,NOT NB
thegaythey,NB,NB,NB
LolNoNom,M,NOT NB,NOT NB
StephenGKrueger,NB,NB,NOT NB
camikaos,F,NOT NB,NOT NB
acbowen,M,NOT NB,NOT NB
StephenGKrueger,NB,NB,NOT NB
startupjedi,M,NOT NB,NOT NB
dlabeach,M,NOT NB,NOT NB
kvetchingguru,M,NOT NB,NOT NB
kercoby,NB,NB,NB
dodgethistweet,M,NOT NB,NOT NB
EPantano,M,NOT NB,NOT NB
IanCrookshank,M,NOT NB,NOT NB
StormyBuckets,NB,NB,NOT NB
stephrwhite11,F,NOT NB,NOT NB
PVeritySuarez,F,NOT NB,NOT NB
Audiophilomilo,M,NOT NB,NOT NB
TheyThemTheEli,NB,NB,NOT NB
juniperinlatin,NB,NB,NB
EliPresidente,M,NOT NB,NOT NB
d0tdotter,NB,NB,NOT NB
vkatariya8,M,NOT NB,NOT NB
gordonjdruby,M,NOT NB,NOT NB
Tsikbalichmaya,M,NOT NB,NOT NB
AlexHarrowSFF,NB,NB,NB
kvetchingguru,M,NOT NB,NOT NB
SamDurbin1,F,NOT NB,NOT NB
AmmehMorton,NB,NB,NOT NB
shelvethebooks,NB,NB,NB
SpenserStarke,M,NOT NB,NOT NB
niamhnichuilinn,F,NOT NB,NOT NB
SunshineChasing,F,NOT NB,NB
SamDurbin1,F,NOT NB,NOT NB
MeeraCK,F,NOT NB,NOT NB
nickytonline,M,NOT NB,NOT NB
KateLechler,F,NOT NB,NOT NB
BenSandfelder,M,NOT NB,NOT NB
kurtistowne,NB,NB,NB
ShantaDotCa,F,NOT NB,NOT NB
IncredibleHulko,F,NOT NB,NOT NB
BowtiesBooks,NB,NB,NB
theMattDouglas,M,NOT NB,NOT NB
hld4ransom,F,NOT NB,NOT NB
fdmts,M,NOT NB,NOT NB
mjgiarlo,M,NOT NB,NOT NB
Stacyc55,F,NOT NB,NOT NB
StringBassMotiv,M,NOT NB,NOT NB
shesthefirst,F,NOT NB,NOT NB
CindyPAndrew1,F,NOT NB,NOT NB
mertotter,M,NOT NB,NOT NB
jamestallosi,M,NOT NB,NOT NB
KateLechler,F,NOT NB,NOT NB
PonderEducation,M,NOT NB,NOT NB
cpa12k,NB,NB,NB
SpenserStarke,M,NOT NB,NOT NB
AGirlOfHerWords,F,NOT NB,NOT NB
MSHenriksen,M,NOT NB,NOT NB
debdef,F,NOT NB,NOT NB
TheyThemTheEli,NB,NB,NOT NB
FunUniverse_,F,NOT NB,NOT NB
gemmacaf,F,NOT NB,NOT NB
briantschu,M,NOT NB,NOT NB
alisonailea,NB,NB,NOT NB
AlexHarrowSFF,NB,NB,NOT NB
devicenull,M,NOT NB,NOT NB
belchetron,M,NOT NB,NOT NB
shengxiaoyu,F,NOT NB,NOT NB
nicycle,F,NOT NB,NOT NB
AtomicFirebird,NB,NB,NOT NB
simpleaslight,NB,NB,NB
dan_h72,M,NOT NB,NOT NB
SignifiedAutre,NB,NB,NB
RisukaMisai,NB,NB,NB
philcritchley,M,NOT NB,NOT NB
AKapilashrami,F,NOT NB,NOT NB
RTWeirdZ,M,NOT NB,NOT NB
joy_hoffman,F,NOT NB,NOT NB
Kmlaffs,F,NOT NB,NOT NB
Calcifer_S,NB,NB,NB
RobKendt,M,NOT NB,NOT NB
showardtweets,F,NOT NB,NOT NB
shamarbeverly,M,NOT NB,NB
burst0fhope,NB,NB,NOT NB
milokp,NB,NB,NOT NB
angraleigh,F,NOT NB,NOT NB
simplybellion,M,NOT NB,NB
DanitheEngineer,F,NOT NB,NOT NB
efboltz,F,NOT NB,NOT NB
CABreretonKY,F,NOT NB,NOT NB
Ravelyn,F,NOT NB,NOT NB
victoriagrows,NB,NB,NOT NB
kevinspenst,M,NOT NB,NOT NB
ShesHerOwnCEO,F,NOT NB,NOT NB
tisaneg,M,NOT NB,NOT NB
crewmanalex,NB,NB,NB
TheRevMDM,M,NOT NB,NB
RiderOfBrohon,NB,NB,NB
jonnysun,M,NOT NB,NB
amberlynprince,F,NOT NB,NOT NB
AddieDomske,F,NOT NB,NOT NB
suzannemrivera,F,NOT NB,NOT NB
wee_bairn,M,NOT NB,NOT NB
neonmoonmilk,NB,NB,NB
DanceforMyself,NB,NB,NOT NB
cluelessthembo,NB,NB,NB
nextpivotpoint,F,NOT NB,NOT NB
ellenblunsdon,F,NOT NB,NOT NB
alightningrod,NB,NB,NOT NB
BilldeBlasio,M,NOT NB,NOT NB
msmegmassey,F,NOT NB,NOT NB
Booker4KY,M,NOT NB,NOT NB
josueisbaby,NB,NB,NOT NB
Booker4KY,M,NOT NB,NOT NB
kevinlwei,NB,NB,NOT NB
CindyPAndrew1,F,NOT NB,NOT NB
ScritchfieldRD,F,NOT NB,NOT NB
PonderEducation,M,NOT NB,NOT NB
Rebeckaht,NB,NB,NB
charliehersh,NB,NB,NOT NB
MeInMidAir,F,NOT NB,NOT NB
annaecook,F,NOT NB,NOT NB
imamusaller,NB,NB,NOT NB
gpshead,M,NOT NB,NOT NB
PDMurphy01810,M,NOT NB,NOT NB
StacyRex,NB,NB,NB
Booker4KY,M,NOT NB,NOT NB
CherylRainfield,F,NOT NB,NOT NB
becky__wong,F,NOT NB,NOT NB
startupjedi,M,NOT NB,NOT NB
yukonmike80,M,NOT NB,NOT NB
AilsaMummery,NB,NB,NB
TheWallner,F,NOT NB,NOT NB
acbowen,M,NOT NB,NB
PeterJKuo,M,NOT NB,NOT NB
centralscot,M,NOT NB,NOT NB
gemmacaf,F,NOT NB,NOT NB
TheJasonGreene,M,NOT NB,NOT NB
brittnhasty,F,NOT NB,NOT NB
LanceBass,M,NOT NB,NOT NB
prettyboymatthw,M,NOT NB,NB
StacyRex,NB,NB,NOT NB
ClariceDAiello,F,NOT NB,NOT NB
clubnobbie,M,NOT NB,NOT NB
joelcadams,M,NOT NB,NOT NB
Theclairrock,NB,NB,NOT NB
ClariceDAiello,F,NOT NB,NOT NB
TheWallner,F,NOT NB,NOT NB
__livvv_,F,NOT NB,NOT NB
sapphicgiant,M,NOT NB,NB
StringBassMotiv,M,NOT NB,NOT NB
msmegmassey,F,NOT NB,NB
oakandfur,M,NOT NB,NB
jamestallosi,M,NOT NB,NOT NB
marteki,F,NOT NB,NOT NB
BeckyAnnison,F,NOT NB,NOT NB
RTWeirdZ,M,NOT NB,NOT NB
MrChambersMS,M,NOT NB,NOT NB
asg__creations,NB,NB,NB
theshenners,NB,NB,NOT NB
ForWyo,F,NOT NB,NOT NB
AlyssaGins,F,NOT NB,NOT NB
shmuel,M,NOT NB,NOT NB
marteki,F,NOT NB,NOT NB
chic0junit,M,NOT NB,NOT NB
PeterJKuo,M,NOT NB,NOT NB
KevinIrvineChi,M,NOT NB,NOT NB
IndoorWTF,M,NOT NB,NOT NB
nagnagnag,M,NOT NB,NOT NB
PNambyar,NB,NB,NB
jensinkler,F,NOT NB,NOT NB
thzinc,M,NOT NB,NOT NB
SunshineChasing,F,NOT NB,NOT NB
coreyevanmusic,M,NOT NB,NOT NB
maddywiebe97,NB,NB,NB
BigggRusss,M,NOT NB,NOT NB
jguard_24,M,NOT NB,NOT NB
PeterJKuo,M,NOT NB,NOT NB
lizfromsela,F,NOT NB,NOT NB
hld4ransom,F,NOT NB,NOT NB
MillennialXpert,F,NOT NB,NOT NB
Jen_Ingham,F,NOT NB,NOT NB
traviszinnel,M,NOT NB,NOT NB
andreacollier,F,NOT NB,NOT NB
KimberlyGrommes,F,NOT NB,NOT NB
MsMandyJ,F,NOT NB,NOT NB
_awwsmm,M,NOT NB,NOT NB
calvincamps,NB,NB,NOT NB
ForWyo,F,NOT NB,NOT NB
brentajohnson12,M,NOT NB,NOT NB
Aliwaba,F,NOT NB,NOT NB
sr_brownwriter,NB,NB,NOT NB
docpalindrome,M,NOT NB,NOT NB
LauraJDouds,NB,NB,NB
MrChambersMS,M,NOT NB,NOT NB
justjerdi,F,NOT NB,NOT NB
StacyRex,NB,NB,NOT NB
leilazadeh,F,NOT NB,NOT NB
ogflavorsstan,NB,NB,NOT NB
samleehartsock,F,NOT NB,NOT NB
Swell09,F,NOT NB,NOT NB
PVeritySuarez,F,NOT NB,NB
amyunchained,NB,NB,NOT NB
DuaneAnders,M,NOT NB,NOT NB
SilverlionPrime,M,NOT NB,NB
docpalindrome,M,NOT NB,NOT NB
CommsGeekJamie,F,NOT NB,NOT NB
znmeb,M,NOT NB,NOT NB
trobedsbitch,M,NOT NB,NB
znmeb,M,NOT NB,NOT NB
BlueRoseNZ,F,NOT NB,NOT NB
EEADHorne,F,NOT NB,NOT NB
ClariceDAiello,F,NOT NB,NOT NB
everestpipkin,NB,NB,NOT NB
belchetron,M,NOT NB,NOT NB
_MistyGraves_,NB,NB,NB
PupTetris,NB,NB,NB
Ashismcrtrash,M,NOT NB,NB
kercoby,NB,NB,NB
husslington,M,NOT NB,NOT NB
RiderOfBrohon,NB,NB,NB
NadkarniNamrata,F,NOT NB,NOT NB
brendajos,F,NOT NB,NOT NB
samleehartsock,F,NOT NB,NOT NB
Ironjotun,F,NOT NB,NOT NB
dlabeach,M,NOT NB,NOT NB
trobedsbitch,M,NOT NB,NB
cherryukika,NB,NB,NB
TheObeeReardon,F,NOT NB,NOT NB
legalizegoblins,NB,NB,NB
simpleaslight,NB,NB,NOT NB
JennyFloria,F,NOT NB,NOT NB
BigggRusss,M,NOT NB,NOT NB
dm56892,NB,NB,NOT NB
neonmoonmilk,NB,NB,NB
suzannemrivera,F,NOT NB,NOT NB
lilamayhiggins,F,NOT NB,NOT NB
bybencarrier,M,NOT NB,NOT NB
gauravsabnis,M,NOT NB,NOT NB
leahtova,NB,NB,NOT NB
BeefGriller,M,NOT NB,NOT NB
FamDoc_Forest,F,NOT NB,NOT NB
PrestonMitchum,M,NOT NB,NOT NB
DanceforMyself,NB,NB,NOT NB
Aliwaba,F,NOT NB,NOT NB
vinayaravind,M,NOT NB,NOT NB
_GreyWhite,NB,NB,NB
AlfredLewislll,M,NOT NB,NB
Stacyc55,F,NOT NB,NOT NB
sekisetsu,NB,NB,NB
riymix,M,NOT NB,NOT NB
AKapilashrami,F,NOT NB,NOT NB
ForWyo,F,NOT NB,NB
kevinlwei,NB,NB,NOT NB
Anne_Kanopi,F,NOT NB,NOT NB
lbdehertogh,F,NOT NB,NOT NB
Dr_Ronx,NB,NB,NOT NB
daydreamacnh,NB,NB,NB
skpodila,F,NOT NB,NOT NB
JCKronin,NB,NB,NOT NB
DonnaSteff,F,NOT NB,NOT NB
allisonelliots,NB,NB,NOT NB
cyanbloomm,NB,NB,NB
ScritchfieldRD,F,NOT NB,NOT NB
thegaythey,NB,NB,NB
kim_hoyos,F,NOT NB,NOT NB
jamsternazzy,NB,NB,NB
PNambyar,NB,NB,NB
milokp,NB,NB,NB
husslington,M,NOT NB,NOT NB
DN_Bryn,NB,NB,NB
robynewmurphy,F,NOT NB,NB
Zenorobster,M,NOT NB,NOT NB
JamilaMHammami,NB,NB,NOT NB
Harrysgd,F,NOT NB,NOT NB
AliceSkary,NB,NB,NB
tzottoladrift,F,NOT NB,NOT NB
PeterJKuo,M,NOT NB,NOT NB
RLynneHarris,F,NOT NB,NOT NB
kiran_oliver,NB,NB,NB
zzzooeee,F,NOT NB,NB
theredseraph,M,NOT NB,NB
sjw_LauraKinney,NB,NB,NOT NB
leah_kelley,F,NOT NB,NOT NB
jvlioedel,NB,NB,NB
brittnhasty,F,NOT NB,NOT NB
wee_bairn,M,NOT NB,NOT NB
tstockstein,F,NOT NB,NOT NB
EdConsult01581,F,NOT NB,NOT NB
HESherman,M,NOT NB,NOT NB
oakandfur,M,NOT NB,NOT NB
JuliusGoat,M,NOT NB,NOT NB
SarahSloane,F,NOT NB,NB
SParSuperStar,F,NOT NB,NOT NB
TeamSallySez,F,NOT NB,NOT NB
d0tdotter,NB,NB,NOT NB
Kmlaffs,F,NOT NB,NOT NB
erinkburrell,F,NOT NB,NB
cybershaz,F,NOT NB,NOT NB
KateLechler,F,NOT NB,NB
shesthefirst,F,NOT NB,NOT NB
tiffanymjewell,F,NOT NB,NOT NB
SarahSloane,F,NOT NB,NOT NB
joelcadams,M,NOT NB,NOT NB
ProtegoMente,F,NOT NB,NOT NB
dudleypj,M,NOT NB,NOT NB
imamusaller,NB,NB,NB
juliannebrands,F,NOT NB,NOT NB
AliceSkary,NB,NB,NB
TwitchWasHere,NB,NB,NB
startupjedi,M,NOT NB,NOT NB
Shedrawsnigh,F,NOT NB,NOT NB
briantschu,M,NOT NB,NOT NB
robiliciousnz,M,NOT NB,NOT NB
leftside,M,NOT NB,NOT NB
jonnysun,M,NOT NB,NB
Aliwaba,F,NOT NB,NOT NB
carr_8,F,NOT NB,NOT NB
PeterJKuo,M,NOT NB,NOT NB
zanejchen,M,NOT NB,NOT NB
SheWasHer,F,NOT NB,NB
pastordj,M,NOT NB,NOT NB
Audiophilomilo,M,NOT NB,NOT NB
inspirasian51,NB,NB,NOT NB
ScritchfieldRD,F,NOT NB,NOT NB
TimLumpkins,M,NOT NB,NOT NB
nevadawolfe,M,NOT NB,NOT NB
zanejchen,M,NOT NB,NOT NB
burst0fhope,NB,NB,NOT NB
Shedrawsnigh,F,NOT NB,NOT NB
hiddeninabook,F,NOT NB,NOT NB
suzannemrivera,F,NOT NB,NOT NB
transzoeperry,F,NOT NB,NOT NB
Dr_Ronx,NB,NB,NB
gwtrev,M,NOT NB,NOT NB
bensheldon,M,NOT NB,NOT NB
JohannesEvans,M,NOT NB,NB
jguard_24,M,NOT NB,NOT NB
ogflavorsstan,NB,NB,NB
AJbigbadWolff,F,NOT NB,NOT NB
jamsternazzy,NB,NB,NOT NB
dan_abramov,M,NOT NB,NOT NB
RobKendt,M,NOT NB,NOT NB
spookygirl,F,NOT NB,NOT NB
fierybelly,F,NOT NB,NOT NB
AngSuperPowers,F,NOT NB,NOT NB
Dorktagnan,NB,NB,NOT NB
TheVersian,NB,NB,NOT NB
Mr_He_Me_Him,M,NOT NB,NOT NB
abbsnocon,F,NOT NB,NOT NB
DN_Bryn,NB,NB,NOT NB
smarmyliberal,F,NOT NB,NOT NB
sjforman99,M,NOT NB,NOT NB
bybencarrier,M,NOT NB,NOT NB
darcy,M,NOT NB,NOT NB
BeverlyYanuaria,F,NOT NB,NOT NB
axhawk,M,NOT NB,NOT NB
zachhynes,M,NOT NB,NOT NB
sallyrose1214,F,NOT NB,NOT NB
jetharrington,F,NOT NB,NOT NB
TheJasonGreene,M,NOT NB,NOT NB
PDMurphy01810,M,NOT NB,NOT NB
legalizegoblins,NB,NB,NB
maddywiebe97,NB,NB,NB
joe_yer99,M,NOT NB,NOT NB
AKapilashrami,F,NOT NB,NOT NB
estebanuribe,M,NOT NB,NOT NB
amacduffking,F,NOT NB,NOT NB
gwtrev,M,NOT NB,NOT NB
kat_cahill,F,NOT NB,NOT NB
emilyfleuriot,F,NOT NB,NOT NB
ellenblunsdon,F,NOT NB,NOT NB
DadBeard,M,NOT NB,NOT NB
mertotter,M,NOT NB,NB
wyrdgaest,M,NOT NB,NOT NB
Theclairrock,NB,NB,NOT NB
zannalyons,F,NOT NB,NOT NB
StacyRex,NB,NB,NB
jana_aych_ess,NB,NB,NB
mischief_nerd,NB,NB,NB
Khoshtistic,M,NOT NB,NB
MWSchollenberg,M,NOT NB,NOT NB
angraleigh,F,NOT NB,NOT NB
AtomicFirebird,NB,NB,NB
stephrwhite11,F,NOT NB,NOT NB
MeInMidAir,F,NOT NB,NB
akeisha09,F,NOT NB,NOT NB
MrJohnfro,M,NOT NB,NOT NB
HeyDoryen,NB,NB,NOT NB
loeyjopez07,M,NOT NB,NOT NB
mjgiarlo,M,NOT NB,NB
LeslieJoy1,F,NOT NB,NOT NB
efboltz,F,NOT NB,NOT NB
HistoryNed,M,NOT NB,NOT NB
DrMLChivers,F,NOT NB,NOT NB
gordonjdruby,M,NOT NB,NOT NB
pastordj,M,NOT NB,NOT NB
JamilaMHammami,NB,NB,NOT NB
amacduffking,F,NOT NB,NOT NB
Echo_Heo,NB,NB,NB
AmmehMorton,NB,NB,NB
PNambyar,NB,NB,NOT NB
HESherman,M,NOT NB,NOT NB
axhawk,M,NOT NB,NOT NB
hiddeninabook,F,NOT NB,NOT NB
gaballinger,F,NOT NB,NOT NB
Ironjotun,F,NOT NB,NOT NB
BucketheadCase,M,NOT NB,NB
CindyPAndrew1,F,NOT NB,NOT NB
DomDiFurio,M,NOT NB,NOT NB
cwalterswrite,M,NOT NB,NOT NB
carr_8,F,NOT NB,NOT NB
denn_daddy,M,NOT NB,NB
melissabalsan,F,NOT NB,NOT NB
AN_Goldstein,F,NOT NB,NOT NB
belchetron,M,NOT NB,NOT NB
theMattDouglas,M,NOT NB,NOT NB
LolNoNom,M,NOT NB,NB
traviszinnel,M,NOT NB,NOT NB
peachmakkoli,NB,NB,NB
DomDiFurio,M,NOT NB,NOT NB
TisforTMI,F,NOT NB,NOT NB
kim_hoyos,F,NOT NB,NB
dm56892,NB,NB,NOT NB
cluelessthembo,NB,NB,NB
MartinezforMD,M,NOT NB,NOT NB
startupjedi,M,NOT NB,NOT NB
warofthesuburbs,M,NOT NB,NB
adammw,M,NOT NB,NOT NB
hld4ransom,F,NOT NB,NOT NB
SweetVanLoan,F,NOT NB,NB
zephariouself,NB,NB,NB
BilldeBlasio,M,NOT NB,NOT NB
jathko,M,NOT NB,NOT NB
JohannesEvans,M,NOT NB,NB
briantschu,M,NOT NB,NOT NB
AimiHamraie,NB,NB,NOT NB
FredTJoseph,M,NOT NB,NOT NB
butchspoonie,NB,NB,NB
LeslieJoy1,F,NOT NB,NOT NB
AngSuperPowers,F,NOT NB,NOT NB
ShesHerOwnCEO,F,NOT NB,NOT NB
Anne_Kanopi,F,NOT NB,NOT NB
TheTattooedProf,M,NOT NB,NB
JCKronin,NB,NB,NOT NB
docpalindrome,M,NOT NB,NOT NB
Candi,F,NOT NB,NOT NB
Curufea,M,NOT NB,NOT NB
adammw,M,NOT NB,NOT NB
namesescapeme,F,NOT NB,NOT NB
trobedsbitch,M,NOT NB,NB
LauraJDouds,NB,NB,NB
ryanlpainter,M,NOT NB,NOT NB
slayerscommathe,NB,NB,NOT NB
Harrysgd,F,NOT NB,NOT NB
adammw,M,NOT NB,NOT NB
_MistyGraves_,NB,NB,NB
stephrwhite11,F,NOT NB,NOT NB
TisforTMI,F,NOT NB,NOT NB
DeannaDanger,NB,NB,NB
ScritchfieldRD,F,NOT NB,NOT NB
enemyoftrust,NB,NB,NB
TheObeeReardon,F,NOT NB,NOT NB
PonderEducation,M,NOT NB,NOT NB
gantpants,M,NOT NB,NOT NB
theMattDouglas,M,NOT NB,NOT NB
marteki,F,NOT NB,NOT NB
MeeraCK,F,NOT NB,NOT NB
belchetron,M,NOT NB,NOT NB
robiliciousnz,M,NOT NB,NOT NB
TawnyRoseCase,NB,NB,NOT NB
MsMandyJ,F,NOT NB,NOT NB
JamieSuchomel,F,NOT NB,NOT NB
suzannemrivera,F,NOT NB,NOT NB
JoEatsFood,NB,NB,NB
mjgiarlo,M,NOT NB,NOT NB
paymentsexpert,M,NOT NB,NOT NB
bensheldon,M,NOT NB,NOT NB
dm56892,NB,NB,NOT NB
thzinc,M,NOT NB,NOT NB
juliannebrands,F,NOT NB,NOT NB
_awwsmm,M,NOT NB,NOT NB
AmmehMorton,NB,NB,NOT NB
leftside,M,NOT NB,NOT NB
abbsnocon,F,NOT NB,NOT NB
Aliwaba,F,NOT NB,NOT NB
Theclairrock,NB,NB,NOT NB
gaballinger,F,NOT NB,NB
FunUniverse_,F,NOT NB,NOT NB
AddieDomske,F,NOT NB,NOT NB
Theclairrock,NB,NB,NOT NB
smuttychums,NB,NB,NB
GinaViolaPeake,F,NOT NB,NOT NB
SilverlionPrime,M,NOT NB,NOT NB
weitzelb,M,NOT NB,NOT NB
EEADHorne,F,NOT NB,NOT NB
everestpipkin,NB,NB,NOT NB
BeefGriller,M,NOT NB,NOT NB
axhawk,M,NOT NB,NOT NB
zannalyons,F,NOT NB,NOT NB
joy_hoffman,F,NOT NB,NOT NB
MsMandyJ,F,NOT NB,NOT NB
thicket,F,NOT NB,NOT NB
KateEMontgomery,F,NOT NB,NB
HerArtSheLoves,F,NOT NB,NB
EviKline,F,NOT NB,NB
brittnhasty,F,NOT NB,NOT NB
NadkarniNamrata,F,NOT NB,NOT NB
JVTrev,NB,NB,NOT NB
Echo_Heo,NB,NB,NB
alightningrod,NB,NB,NB
loeyjopez07,M,NOT NB,NOT NB
Der_Pesse,M,NOT NB,NOT NB
BlindMikah_Kez,NB,NB,NB
shmuel,M,NOT NB,NOT NB
mr_shiny,M,NOT NB,NOT NB
jaimemere,F,NOT NB,NOT NB
niamhnichuilinn,F,NOT NB,NOT NB
HerArtSheLoves,F,NOT NB,NOT NB
brenda_slomka,F,NOT NB,NOT NB
_runfatgirlrun,F,NOT NB,NB
KevinYa13099403,M,NOT NB,NOT NB
coreyevanmusic,M,NOT NB,NOT NB
JohannesEvans,M,NOT NB,NB
MeInMidAir,F,NOT NB,NOT NB
geexella,NB,NB,NOT NB
kim_hoyos,F,NOT NB,NOT NB
trobedsbitch,M,NOT NB,NB
zanejchen,M,NOT NB,NOT NB
TheOneTAR,NB,NB,NB
bensheldon,M,NOT NB,NOT NB
Khoshtistic,M,NOT NB,NB
shesthefirst,F,NOT NB,NOT NB
rlorenxo,NB,NB,NOT NB
thelizzypearl,F,NOT NB,NOT NB
bybencarrier,M,NOT NB,NOT NB
axhawk,M,NOT NB,NOT NB
alightningrod,NB,NB,NOT NB
kim_alloway,NB,NB,NB
riccjohn,M,NOT NB,NOT NB
AndiDealsPoker,F,NOT NB,NOT NB
ShaughnessyEmmy,F,NOT NB,NOT NB
slayerscommathe,NB,NB,NOT NB
JuliusGoat,M,NOT NB,NB
shamarbeverly,M,NOT NB,NB
juniperinlatin,NB,NB,NB
ScritchfieldRD,F,NOT NB,NOT NB
imamusaller,NB,NB,NOT NB
gauravsabnis,M,NOT NB,NOT NB
WritNelson,M,NOT NB,NOT NB
PonderEducation,M,NOT NB,NOT NB
Zenorobster,M,NOT NB,NOT NB
MSHenriksen,M,NOT NB,NOT NB
JVTrev,NB,NB,NB
RaymondForbes,M,NOT NB,NOT NB
NadkarniNamrata,F,NOT NB,NOT NB
dm56892,NB,NB,NOT NB
jonosapien,M,NOT NB,NOT NB
JennyFloria,F,NOT NB,NOT NB
_awwsmm,M,NOT NB,NB
teachingmissk,F,NOT NB,NOT NB
HerArtSheLoves,F,NOT NB,NOT NB
kat_cahill,F,NOT NB,NOT NB
Rebeckaht,NB,NB,NB
clubnobbie,M,NOT NB,NOT NB
llimcole,F,NOT NB,NOT NB
LeslieJoy1,F,NOT NB,NOT NB
tzottoladrift,F,NOT NB,NB
FamDoc_Forest,F,NOT NB,NOT NB
pancake_bitch,NB,NB,NOT NB
HeyDoryen,NB,NB,NOT NB
dan_h72,M,NOT NB,NOT NB
poemsboutpoetry,M,NOT NB,NOT NB
AtomicFirebird,NB,NB,NOT NB
prmorphine,M,NOT NB,NOT NB
goldenthem,NB,NB,NB
Dorktagnan,NB,NB,NOT NB
PeterJKuo,M,NOT NB,NOT NB
husslington,M,NOT NB,NOT NB
MSHenriksen,M,NOT NB,NOT NB
zanejchen,M,NOT NB,NOT NB
eswtang,M,NOT NB,NOT NB
Mr_He_Me_Him,M,NOT NB,NOT NB
alisonailea,NB,NB,NOT NB
mr_shiny,M,NOT NB,NOT NB
gojirama,F,NOT NB,NOT NB
alightningrod,NB,NB,NOT NB
OhHeyDJ,M,NOT NB,NOT NB
RLynneHarris,F,NOT NB,NOT NB
pastordj,M,NOT NB,NOT NB
_MistyGraves_,NB,NB,NB
James_C_Mccloy,M,NOT NB,NOT NB
NifMuhammad,M,NOT NB,NOT NB
Curufea,M,NOT NB,NOT NB
TheVersian,NB,NB,NB
fierybelly,F,NOT NB,NOT NB
milokp,NB,NB,NOT NB
husslington,M,NOT NB,NOT NB
RLynneHarris,F,NOT NB,NOT NB
GreenCPA,M,NOT NB,NOT NB
simplybellion,M,NOT NB,NB
suzannemrivera,F,NOT NB,NOT NB
kmishmael,F,NOT NB,NOT NB
IndoorWTF,M,NOT NB,NOT NB
stevie__mx,NB,NB,NB
TheWallner,F,NOT NB,NOT NB
RLynneHarris,F,NOT NB,NOT NB
a6daughter,NB,NB,NB
BlindMikah_Kez,NB,NB,NB
DeNovo_Fatima,F,NOT NB,NOT NB
gaballinger,F,NOT NB,NB
nextpivotpoint,F,NOT NB,NOT NB
centralscot,M,NOT NB,NOT NB
iGregoryJohnson,M,NOT NB,NOT NB
gpshead,M,NOT NB,NOT NB
brentajohnson12,M,NOT NB,NOT NB
UA_Mr_Harrell,M,NOT NB,NOT NB
jensinkler,F,NOT NB,NOT NB
yukonmike80,M,NOT NB,NOT NB
robainbinder,M,NOT NB,NOT NB
Audiophilomilo,M,NOT NB,NOT NB
DanaeWriting,NB,NB,NB
jetharrington,F,NOT NB,NOT NB
suzannemrivera,F,NOT NB,NOT NB
khal_essie,F,NOT NB,NB
robainbinder,M,NOT NB,NOT NB
PaulKawika,M,NOT NB,NOT NB
okiewhaler,M,NOT NB,NOT NB
imamusaller,NB,NB,NOT NB
JonathanJR732,M,NOT NB,NOT NB
mcnees,M,NOT NB,NOT NB
ScritchfieldRD,F,NOT NB,NOT NB
nagnagnag,M,NOT NB,NOT NB
EviKline,F,NOT NB,NOT NB
JCKronin,NB,NB,NB
maddywiebe97,NB,NB,NB
Theclairrock,NB,NB,NOT NB
cynicalbrock,M,NOT NB,NOT NB
BucketheadCase,M,NOT NB,NOT NB
fleshloathe,NB,NB,NB
JamilaMHammami,NB,NB,NOT NB
TheRevMDM,M,NOT NB,NOT NB
chrisgwilliams,M,NOT NB,NOT NB
AimiHamraie,NB,NB,NOT NB
MyQueerAccount,NB,NB,NOT NB
BlueRoseNZ,F,NOT NB,NOT NB
wee_bairn,M,NOT NB,NOT NB
BeckyAnnison,F,NOT NB,NOT NB
shelvethebooks,NB,NB,NB
HistoryMuppet,M,NOT NB,NOT NB
HistoryNed,M,NOT NB,NOT NB
juliannebrands,F,NOT NB,NOT NB
spookygirl,F,NOT NB,NOT NB
PDMurphy01810,M,NOT NB,NOT NB
UA_Mr_Harrell,M,NOT NB,NOT NB
startupjedi,M,NOT NB,NOT NB
Ironjotun,F,NOT NB,NOT NB
joelcadams,M,NOT NB,NOT NB
alisonailea,NB,NB,NOT NB
TheJasonGreene,M,NOT NB,NOT NB
teachingmissk,F,NOT NB,NOT NB
melissabalsan,F,NOT NB,NOT NB
TeamSallySez,F,NOT NB,NOT NB
ShannonNara,F,NOT NB,NOT NB
austen_writes_,NB,NB,NOT NB
Der_Pesse,M,NOT NB,NOT NB
jamestallosi,M,NOT NB,NOT NB
AddieDomske,F,NOT NB,NOT NB
WritNelson,M,NOT NB,NOT NB
chic0junit,M,NOT NB,NOT NB
SunshineChasing,F,NOT NB,NOT NB
ClariceDAiello,F,NOT NB,NOT NB
AJbigbadWolff,F,NOT NB,NOT NB
ellenblunsdon,F,NOT NB,NB
leftside,M,NOT NB,NOT NB
mr_shiny,M,NOT NB,NOT NB
sapphicgiant,M,NOT NB,NB
DanitheEngineer,F,NOT NB,NOT NB
m__fluke,NB,NB,NOT NB
TisforTMI,F,NOT NB,NOT NB
KevinYa13099403,M,NOT NB,NOT NB
Blair_Irwin,F,NOT NB,NOT NB
Der_Pesse,M,NOT NB,NOT NB
anthoknees,NB,NB,NOT NB
zannalyons,F,NOT NB,NOT NB
amberlynprince,F,NOT NB,NOT NB
pattonsanders_q,M,NOT NB,NOT NB
rob_kabobb,M,NOT NB,NOT NB
DanitheEngineer,F,NOT NB,NOT NB
sorenwork,NB,NB,NB
BenSandfelder,M,NOT NB,NOT NB
scotryder,M,NOT NB,NOT NB
Rebeckaht,NB,NB,NOT NB
brendajos,F,NOT NB,NOT NB
juniperinlatin,NB,NB,NB
pancake_bitch,NB,NB,NOT NB
amberlynprince,F,NOT NB,NOT NB
smolnswole,NB,NB,NB
Spatial_Punk,NB,NB,NOT NB
claudiablb,F,NOT NB,NOT NB
JaimeLidgard,NB,NB,NB
CurtisCChen,M,NOT NB,NOT NB
MeeraCK,F,NOT NB,NOT NB
jmugele,M,NOT NB,NOT NB
KateLechler,F,NOT NB,NOT NB
TallTechy,F,NOT NB,NOT NB
maddywiebe97,NB,NB,NOT NB
hld4ransom,F,NOT NB,NOT NB
JamilaMHammami,NB,NB,NOT NB
leftside,M,NOT NB,NOT NB
tisaneg,M,NOT NB,NOT NB
dan_foreman_EC,M,NOT NB,NOT NB
iGregoryJohnson,M,NOT NB,NOT NB
dan_foreman_EC,M,NOT NB,NOT NB
bensheldon,M,NOT NB,NOT NB
inspirasian51,NB,NB,NOT NB
artwells,M,NOT NB,NB
startupjedi,M,NOT NB,NOT NB
PeterJKuo,M,NOT NB,NOT NB
_runfatgirlrun,F,NOT NB,NOT NB
devicenull,M,NOT NB,NOT NB
zannalyons,F,NOT NB,NOT NB
skpodila,F,NOT NB,NOT NB
belchetron,M,NOT NB,NOT NB
TwitchWasHere,NB,NB,NB
fierybelly,F,NOT NB,NOT NB
ShesHerOwnCEO,F,NOT NB,NOT NB
TerriMLeBlanc,F,NOT NB,NOT NB
MillennialXpert,F,NOT NB,NOT NB
gantpants,M,NOT NB,NOT NB
gantpants,M,NOT NB,NOT NB
HistoryMuppet,M,NOT NB,NOT NB
lbdehertogh,F,NOT NB,NOT NB
camikaos,F,NOT NB,NB
Aliwaba,F,NOT NB,NOT NB
ArtioMurphy,NB,NB,NB
IncredibleHulko,F,NOT NB,NOT NB
meghancaves,F,NOT NB,NOT NB
GleamDavis,F,NOT NB,NOT NB
VioletFireBee,NB,NB,NB
shmuel,M,NOT NB,NOT NB
suzannemrivera,F,NOT NB,NOT NB
Stacyc55,F,NOT NB,NOT NB
robertemilem,M,NOT NB,NOT NB
joe_yer99,M,NOT NB,NB
cyanbloomm,NB,NB,NB
cynicalbrock,M,NOT NB,NB
Mr_He_Me_Him,M,NOT NB,NOT NB
HistoryMuppet,M,NOT NB,NOT NB
AlexHarrowSFF,NB,NB,NOT NB
pattonsanders_q,M,NOT NB,NOT NB
MrJoeJenkins,M,NOT NB,NOT NB
BlindMikah_Kez,NB,NB,NB
HeyDoryen,NB,NB,NOT NB
goth_theyfriend,NB,NB,NB
FamDoc_Forest,F,NOT NB,NOT NB
PossumOtroy,NB,NB,NB
emilyfleuriot,F,NOT NB,NOT NB
erinkburrell,F,NOT NB,NOT NB
UnchartedHaven,M,NOT NB,NOT NB
sorenwork,NB,NB,NOT NB
dogbitebaby,NB,NB,NB
hiddeninabook,F,NOT NB,NOT NB
EEADHorne,F,NOT NB,NOT NB
marteki,F,NOT NB,NOT NB
BlindMikah_Kez,NB,NB,NB
2014ORTOY,M,NOT NB,NOT NB
scotryder,M,NOT NB,NOT NB
crewmanalex,NB,NB,NB
gemmacaf,F,NOT NB,NOT NB
anuomni,NB,NB,NB
marcscheff,M,NOT NB,NOT NB
zannalyons,F,NOT NB,NOT NB
leahtova,NB,NB,NOT NB
imamusaller,NB,NB,NOT NB
juniperinlatin,NB,NB,NOT NB
CHeartsTrees,F,NOT NB,NOT NB
josueisbaby,NB,NB,NB
gayspacepilot,NB,NB,NB
PVeritySuarez,F,NOT NB,NOT NB
skpodila,F,NOT NB,NOT NB
StringBassMotiv,M,NOT NB,NOT NB
jaimemere,F,NOT NB,NOT NB
clubnobbie,M,NOT NB,NOT NB
philcritchley,M,NOT NB,NOT NB
denn_daddy,M,NOT NB,NB
meghancaves,F,NOT NB,NOT NB
iGregoryJohnson,M,NOT NB,NOT NB
TheOneTAR,NB,NB,NOT NB
DomDiFurio,M,NOT NB,NOT NB
CABreretonKY,F,NOT NB,NOT NB
AJbigbadWolff,F,NOT NB,NB
davemusson,M,NOT NB,NOT NB
fmanjoo,NB,NB,NOT NB
e_p82,M,NOT NB,NOT NB
jmugele,M,NOT NB,NOT NB
debdef,F,NOT NB,NOT NB
jvlioedel,NB,NB,NOT NB
milokp,NB,NB,NOT NB
anthonybgay1,NB,NB,NOT NB
AKapilashrami,F,NOT NB,NOT NB
amyunchained,NB,NB,NOT NB
thzinc,M,NOT NB,NOT NB
brucejijones,M,NOT NB,NOT NB
zanejchen,M,NOT NB,NOT NB
zanejchen,M,NOT NB,NB
sjw_LauraKinney,NB,NB,NOT NB
juliannebrands,F,NOT NB,NOT NB
nickytonline,M,NOT NB,NOT NB
RaymondForbes,M,NOT NB,NOT NB
JennaMagnuski,F,NOT NB,NOT NB
kercoby,NB,NB,NB
sjw_LauraKinney,NB,NB,NOT NB
Me_Like_Shiny,NB,NB,NB
catrocketship,NB,NB,NOT NB
samleehartsock,F,NOT NB,NOT NB
underscoretire,M,NOT NB,NB
teachingmissk,F,NOT NB,NOT NB
darcy,M,NOT NB,NOT NB
stevie__mx,NB,NB,NOT NB
allisonelliots,NB,NB,NOT NB
TheObeeReardon,F,NOT NB,NOT NB
enemyoftrust,NB,NB,NB
annaecook,F,NOT NB,NOT NB
nicycle,F,NOT NB,NOT NB
juniperinlatin,NB,NB,NB
JamieSuchomel,F,NOT NB,NOT NB
RuthEJBooth,NB,NB,NOT NB
AKapilashrami,F,NOT NB,NOT NB
centralscot,M,NOT NB,NOT NB
erinkburrell,F,NOT NB,NOT NB
AngSuperPowers,F,NOT NB,NOT NB
OhHeyDJ,M,NOT NB,NOT NB
fdmts,M,NOT NB,NOT NB
vinayaravind,M,NOT NB,NOT NB
JCKronin,NB,NB,NOT NB
VioletFireBee,NB,NB,NOT NB
niamhnichuilinn,F,NOT NB,NOT NB
gordonjdruby,M,NOT NB,NOT NB
TheAtomicMommy,F,NOT NB,NOT NB
maxmasure,NB,NB,NOT NB
MeInMidAir,F,NOT NB,NB
hesterchill,NB,NB,NB
legalizegoblins,NB,NB,NB
estebanuribe,M,NOT NB,NOT NB
josueisbaby,NB,NB,NOT NB
JaimeLidgard,NB,NB,NB
KevinJFellows,M,NOT NB,NOT NB
namesescapeme,F,NOT NB,NOT NB
gemmacaf,F,NOT NB,NB
sekisetsu,NB,NB,NB
AlyssaGins,F,NOT NB,NOT NB
Ravelyn,F,NOT NB,NB
SilverlionPrime,M,NOT NB,NOT NB
dalehirt,M,NOT NB,NOT NB
luxxe_ember,NB,NB,NB
oakandfur,M,NOT NB,NOT NB
scotryder,M,NOT NB,NOT NB
Ironjotun,F,NOT NB,NB
prickly_boi,NB,NB,NB
StephenGKrueger,NB,NB,NOT NB
sekisetsu,NB,NB,NB
Spatial_Punk,NB,NB,NOT NB
iGregoryJohnson,M,NOT NB,NOT NB
jamestallosi,M,NOT NB,NOT NB
catrocketship,NB,NB,NOT NB
JonathanJR732,M,NOT NB,NOT NB
artwells,M,NOT NB,NOT NB
allyrosecoll,F,NOT NB,NOT NB
adammw,M,NOT NB,NOT NB
AddieDomske,F,NOT NB,NOT NB
AimiHamraie,NB,NB,NOT NB
TeamSallySez,F,NOT NB,NOT NB
zannalyons,F,NOT NB,NOT NB
angraleigh,F,NOT NB,NOT NB
PonderEducation,M,NOT NB,NOT NB
HerArtSheLoves,F,NOT NB,NOT NB
VioletFireBee,NB,NB,NOT NB
marteki,F,NOT NB,NOT NB
riccjohn,M,NOT NB,NOT NB
helllpapii,NB,NB,NB
Harrysgd,F,NOT NB,NOT NB
Harrysgd,F,NOT NB,NOT NB
dlabeach,M,NOT NB,NB
robainbinder,M,NOT NB,NOT NB
LauraJDouds,NB,NB,NB
marcscheff,M,NOT NB,NOT NB
KevinJFellows,M,NOT NB,NOT NB
isaacangelz,NB,NB,NB
DanaeWriting,NB,NB,NB
theshenners,NB,NB,NB
joy_hoffman,F,NOT NB,NOT NB
CommsGeekJamie,F,NOT NB,NOT NB
CindyPAndrew1,F,NOT NB,NOT NB
kiran_oliver,NB,NB,NB
MWSchollenberg,M,NOT NB,NOT NB
Jen_Ingham,F,NOT NB,NOT NB
Curufea,M,NOT NB,NOT NB
FunUniverse_,F,NOT NB,NB
FredTJoseph,M,NOT NB,NOT NB
ShantaDotCa,F,NOT NB,NOT NB
fdmts,M,NOT NB,NOT NB
peachmakkoli,NB,NB,NB
tisaneg,M,NOT NB,NOT NB
Rebecca__Rouse,F,NOT NB,NOT NB
underscoretire,M,NOT NB,NB
BilldeBlasio,M,NOT NB,NOT NB
gauravsabnis,M,NOT NB,NOT NB
peachmakkoli,NB,NB,NB
ShaughnessyEmmy,F,NOT NB,NOT NB
msmegmassey,F,NOT NB,NOT NB
DadBeard,M,NOT NB,NOT NB
m__fluke,NB,NB,NB
ClariceDAiello,F,NOT NB,NOT NB
carr_8,F,NOT NB,NOT NB
ellenblunsdon,F,NOT NB,NOT NB
wee_bairn,M,NOT NB,NOT NB
JessiHonard,F,NOT NB,NOT NB
sr_brownwriter,NB,NB,NOT NB
LeslieJoy1,F,NOT NB,NOT NB
MacaqueyFreedom,NB,NB,NB
anders_d_k,M,NOT NB,NOT NB
TheMudlily,F,NOT NB,NOT NB
AmmehMorton,NB,NB,NOT NB
PrestonMitchum,M,NOT NB,NB
traviszinnel,M,NOT NB,NOT NB
cyanbloomm,NB,NB,NB
niamhnichuilinn,F,NOT NB,NOT NB
Merc_Wolfmoor,NB,NB,NB
zannalyons,F,NOT NB,NOT NB
vkatariya8,M,NOT NB,NOT NB
Theclairrock,NB,NB,NB
SidewaysSiren,NB,NB,NB
NadkarniNamrata,F,NOT NB,NOT NB
khal_essie,F,NOT NB,NB
annarborandy,M,NOT NB,NOT NB
TwitchWasHere,NB,NB,NOT NB
jonnysun,M,NOT NB,NOT NB
anuomni,NB,NB,NB
shelvethebooks,NB,NB,NOT NB
joy_hoffman,F,NOT NB,NOT NB
lilamayhiggins,F,NOT NB,NOT NB
jaimemere,F,NOT NB,NOT NB
jensinkler,F,NOT NB,NOT NB
kevinlwei,NB,NB,NOT NB
ShannonNara,F,NOT NB,NOT NB
MeInMidAir,F,NOT NB,NOT NB
theredseraph,M,NOT NB,NOT NB
FunUniverse_,F,NOT NB,NOT NB
enbylu,NB,NB,NB
JessiHonard,F,NOT NB,NOT NB
e_p82,M,NOT NB,NOT NB
Ashismcrtrash,M,NOT NB,NOT NB
JoEatsFood,NB,NB,NB
AN_Goldstein,F,NOT NB,NOT NB
TheyThemTheEli,NB,NB,NB
RobKendt,M,NOT NB,NOT NB
marteki,F,NOT NB,NOT NB
AtomicFirebird,NB,NB,NOT NB
hiddeninabook,F,NOT NB,NOT NB
marxmenace,M,NOT NB,NB
nylah_reviews,F,NOT NB,NOT NB
debdef,F,NOT NB,NOT NB
BeverlyYanuaria,F,NOT NB,NOT NB
efboltz,F,NOT NB,NOT NB
Der_Pesse,M,NOT NB,NOT NB
fdmts,M,NOT NB,NOT NB
debdef,F,NOT NB,NOT NB
DeannaDanger,NB,NB,NB
jathko,M,NOT NB,NOT NB
AGirlOfHerWords,F,NOT NB,NOT NB
BenSandfelder,M,NOT NB,NOT NB
__livvv_,F,NOT NB,NOT NB
JAMEE_NICOLEE,NB,NB,NB
Kmlaffs,F,NOT NB,NOT NB
ClariceDAiello,F,NOT NB,NOT NB
Aliwaba,F,NOT NB,NOT NB
TawnyRoseCase,NB,NB,NOT NB
anders_d_k,M,NOT NB,NOT NB
jhinthony,M,NOT NB,NOT NB
AliceSkary,NB,NB,NB
MsMandyJ,F,NOT NB,NOT NB
goldman,M,NOT NB,NOT NB
khal_essie,F,NOT NB,NOT NB
enemyoftrust,NB,NB,NB
KevinJFellows,M,NOT NB,NB
SamDurbin1,F,NOT NB,NOT NB
Dr_Ronx,NB,NB,NB
jana_aych_ess,NB,NB,NB
trobedsbitch,M,NOT NB,NOT NB
thelizzypearl,F,NOT NB,NOT NB
e_p82,M,NOT NB,NOT NB
StringBassMotiv,M,NOT NB,NOT NB
MC_of_A,M,NOT NB,NOT NB
prickly_boi,NB,NB,NOT NB
Dorktagnan,NB,NB,NOT NB
PupTetris,NB,NB,NOT NB
hld4ransom,F,NOT NB,NOT NB
BeverlyYanuaria,F,NOT NB,NOT NB
shesthefirst,F,NOT NB,NOT NB
llimcole,F,NOT NB,NOT NB
gemmacaf,F,NOT NB,NOT NB
JamilaMHammami,NB,NB,NOT NB
philcritchley,M,NOT NB,NOT NB
goldenthem,NB,NB,NOT NB
cwalterswrite,M,NOT NB,NOT NB
scotryder,M,NOT NB,NOT NB
estebanuribe,M,NOT NB,NOT NB
JennyFloria,F,NOT NB,NOT NB
LELIAHSADE,NB,NB,NB
Rebecca__Rouse,F,NOT NB,NOT NB
oddin85,M,NOT NB,NOT NB
robiliciousnz,M,NOT NB,NOT NB
fdmts,M,NOT NB,NOT NB
suffolkvicar,M,NOT NB,NOT NB
sunildasgupta4,M,NOT NB,NOT NB
jonosapien,M,NOT NB,NOT NB
nevadawolfe,M,NOT NB,NB
amberlynprince,F,NOT NB,NOT NB
roeldobbe,M,NOT NB,NOT NB
vkatariya8,M,NOT NB,NB
AmmehMorton,NB,NB,NOT NB
CorinaStMartin,F,NOT NB,NOT NB
JoEatsFood,NB,NB,NOT NB
samleehartsock,F,NOT NB,NOT NB
hld4ransom,F,NOT NB,NOT NB
__livvv_,F,NOT NB,NOT NB
SParSuperStar,F,NOT NB,NOT NB
SunshineChasing,F,NOT NB,NOT NB
ladiesbewild,F,NOT NB,NOT NB
nicycle,F,NOT NB,NOT NB
kevinspenst,M,NOT NB,NOT NB
Der_Pesse,M,NOT NB,NOT NB
graciedactyl,F,NOT NB,NB
khal_essie,F,NOT NB,NOT NB
prmorphine,M,NOT NB,NOT NB
CorinaStMartin,F,NOT NB,NOT NB
Rebecca__Rouse,F,NOT NB,NOT NB
joelcadams,M,NOT NB,NOT NB
UA_Mr_Harrell,M,NOT NB,NOT NB
theredseraph,M,NOT NB,NB
KevinYa13099403,M,NOT NB,NOT NB
Zenorobster,M,NOT NB,NOT NB
shmuel,M,NOT NB,NOT NB
LELIAHSADE,NB,NB,NB
StacyRex,NB,NB,NB
itswalela,NB,NB,NB
ryanlpainter,M,NOT NB,NOT NB
James_C_Mccloy,M,NOT NB,NOT NB
maxmasure,NB,NB,NOT NB
TheRevMDM,M,NOT NB,NB
Zenorobster,M,NOT NB,NOT NB
Rebecca__Rouse,F,NOT NB,NOT NB
CherylRainfield,F,NOT NB,NOT NB
hiddeninabook,F,NOT NB,NOT NB
acbowen,M,NOT NB,NOT NB
zannalyons,F,NOT NB,NOT NB
Harrysgd,F,NOT NB,NOT NB
Audiophilomilo,M,NOT NB,NOT NB
VioletFireBee,NB,NB,NOT NB
acbowen,M,NOT NB,NOT NB
AlfredLewislll,M,NOT NB,NOT NB
Rebeckaht,NB,NB,NOT NB
amacduffking,F,NOT NB,NOT NB
melissabalsan,F,NOT NB,NOT NB
AKapilashrami,F,NOT NB,NOT NB
SarahSloane,F,NOT NB,NOT NB
JennaMagnuski,F,NOT NB,NOT NB
carriefox,F,NOT NB,NOT NB
Zenorobster,M,NOT NB,NOT NB
enemyoftrust,NB,NB,NOT NB
kim_hoyos,F,NOT NB,NOT NB
Dorktagnan,NB,NB,NOT NB
leilazadeh,F,NOT NB,NOT NB
riccjohn,M,NOT NB,NOT NB
denn_daddy,M,NOT NB,NOT NB
JamieSuchomel,F,NOT NB,NOT NB
carr_8,F,NOT NB,NOT NB
smuttychums,NB,NB,NB
goth_theyfriend,NB,NB,NOT NB
wilko_lauren,NB,NB,NOT NB
goldman,M,NOT NB,NOT NB
wilko_lauren,NB,NB,NOT NB
ClariceDAiello,F,NOT NB,NOT NB
jaimemere,F,NOT NB,NOT NB
tiffanymjewell,F,NOT NB,NOT NB
grooveplex,M,NOT NB,NOT NB
pancake_bitch,NB,NB,NOT NB
BucketheadCase,M,NOT NB,NOT NB
StephenGKrueger,NB,NB,NB
VS_Holmes,NB,NB,NOT NB
ShesHerOwnCEO,F,NOT NB,NOT NB
DanaeWriting,NB,NB,NB
alightningrod,NB,NB,NOT NB
Rebeckaht,NB,NB,NB
axhawk,M,NOT NB,NOT NB
AGirlOfHerWords,F,NOT NB,NOT NB
MsMandyJ,F,NOT NB,NOT NB
Rebecca__Rouse,F,NOT NB,NOT NB
smolqueerdragon,F,NOT NB,NB
shengxiaoyu,F,NOT NB,NOT NB
dadiva18,F,NOT NB,NOT NB
RiaOtero,F,NOT NB,NOT NB
annaecook,F,NOT NB,NB
acbowen,M,NOT NB,NOT NB
kim_alloway,NB,NB,NB
HistoryNed,M,NOT NB,NOT NB
immacuIatechaos,NB,NB,NB
maxmasure,NB,NB,NB
eswtang,M,NOT NB,NOT NB
joelcadams,M,NOT NB,NOT NB
gantpants,M,NOT NB,NB
WritNelson,M,NOT NB,NOT NB
theMattDouglas,M,NOT NB,NOT NB
DanaeWriting,NB,NB,NB
DonnaSteff,F,NOT NB,NOT NB
gothfagg0t,M,NOT NB,NB
shengxiaoyu,F,NOT NB,NOT NB
momdragana,M,NOT NB,NB
BeverlyYanuaria,F,NOT NB,NOT NB
anthonybgay1,NB,NB,NB
fierybelly,F,NOT NB,NOT NB
MsMandyJ,F,NOT NB,NOT NB
TheOneTAR,NB,NB,NOT NB
dudleypj,M,NOT NB,NOT NB
e_p82,M,NOT NB,NOT NB
CherylRainfield,F,NOT NB,NOT NB
StephenGKrueger,NB,NB,NB
TheOneTAR,NB,NB,NB
Jen_Ingham,F,NOT NB,NOT NB
debdef,F,NOT NB,NOT NB
FunUniverse_,F,NOT NB,NOT NB
smolqueerdragon,F,NOT NB,NOT NB
CorinaStMartin,F,NOT NB,NOT NB
wee_bairn,M,NOT NB,NB
axhawk,M,NOT NB,NOT NB
vkatariya8,M,NOT NB,NOT NB
brentajohnson12,M,NOT NB,NOT NB
MrChambersMS,M,NOT NB,NOT NB
DevinMar1992,NB,NB,NOT NB
CorinaStMartin,F,NOT NB,NOT NB
m__fluke,NB,NB,NB
TheTattooedProf,M,NOT NB,NOT NB
camikaos,F,NOT NB,NOT NB
gemmacaf,F,NOT NB,NOT NB
nylah_reviews,F,NOT NB,NOT NB
IanCrookshank,M,NOT NB,NOT NB
IanCrookshank,M,NOT NB,NOT NB
makemarks77,M,NOT NB,NOT NB
TwitchWasHere,NB,NB,NOT NB
joe_yer99,M,NOT NB,NOT NB
namesescapeme,F,NOT NB,NOT NB
samleehartsock,F,NOT NB,NOT NB
BeverlyYanuaria,F,NOT NB,NOT NB
goldenthem,NB,NB,NB
MC_of_A,M,NOT NB,NOT NB
darcy,M,NOT NB,NOT NB
maddywiebe97,NB,NB,NB
amacduffking,F,NOT NB,NOT NB
smarmyliberal,F,NOT NB,NB
kim_alloway,NB,NB,NB
dan_foreman_EC,M,NOT NB,NOT NB
AddieDomske,F,NOT NB,NOT NB
pancake_bitch,NB,NB,NOT NB
skpodila,F,NOT NB,NOT NB
hesterchill,NB,NB,NOT NB
chrisgwilliams,M,NOT NB,NOT NB
AndiDealsPoker,F,NOT NB,NOT NB
momdragana,M,NOT NB,NB
mr_shiny,M,NOT NB,NOT NB
FunUniverse_,F,NOT NB,NOT NB
zannalyons,F,NOT NB,NOT NB
DrMLChivers,F,NOT NB,NOT NB
AmmehMorton,NB,NB,NB
nickytonline,M,NOT NB,NOT NB
adapperprof,F,NOT NB,NOT NB
SweetVanLoan,F,NOT NB,NB
husslington,M,NOT NB,NOT NB
scotryder,M,NOT NB,NOT NB
BeckyAnnison,F,NOT NB,NOT NB
ScritchfieldRD,F,NOT NB,NOT NB
acbowen,M,NOT NB,NOT NB
iGregoryJohnson,M,NOT NB,NOT NB
itwasmedionysus,NB,NB,NOT NB
anthonybgay1,NB,NB,NB
fairytopialex,NB,NB,NB
StephenGKrueger,NB,NB,NOT NB
RaymondForbes,M,NOT NB,NOT NB
husslington,M,NOT NB,NOT NB
SParSuperStar,F,NOT NB,NOT NB
robertemilem,M,NOT NB,NOT NB
AGirlOfHerWords,F,NOT NB,NOT NB
stephrwhite11,F,NOT NB,NOT NB
luxxe_ember,NB,NB,NB
nagnagnag,M,NOT NB,NOT NB
showardtweets,F,NOT NB,NOT NB
SilverlionPrime,M,NOT NB,NOT NB
ProtegoMente,F,NOT NB,NOT NB
belchetron,M,NOT NB,NOT NB
IncredibleHulko,F,NOT NB,NOT NB
immacuIatechaos,NB,NB,NB
KevinJFellows,M,NOT NB,NOT NB
imamusaller,NB,NB,NOT NB
belchetron,M,NOT NB,NOT NB
showardtweets,F,NOT NB,NOT NB
Swell09,F,NOT NB,NOT NB
fleshloathe,NB,NB,NB
Merc_Wolfmoor,NB,NB,NB
lburkins,F,NOT NB,NOT NB
Me_Like_Shiny,NB,NB,NB
nagnagnag,M,NOT NB,NOT NB
JamilaMHammami,NB,NB,NOT NB
SidewaysSiren,NB,NB,NOT NB
PDMurphy01810,M,NOT NB,NOT NB
AKapilashrami,F,NOT NB,NOT NB
annaecook,F,NOT NB,NB
FredTJoseph,M,NOT NB,NOT NB
yukonmike80,M,NOT NB,NOT NB
jessicaeburke,F,NOT NB,NOT NB
MrJoeJenkins,M,NOT NB,NOT NB
StacyRex,NB,NB,NOT NB
alisonailea,NB,NB,NOT NB
momdragana,M,NOT NB,NB
kevinlwei,NB,NB,NOT NB
gojirama,F,NOT NB,NB
Zenorobster,M,NOT NB,NOT NB
TisforTMI,F,NOT NB,NOT NB
__livvv_,F,NOT NB,NOT NB
ScritchfieldRD,F,NOT NB,NOT NB
makmakdaddy,F,NOT NB,NOT NB
Scuffsta,NB,NB,NB
babybirkinbag,NB,NB,NB
SpenserStarke,M,NOT NB,NOT NB
marteki,F,NOT NB,NOT NB
cpa12k,NB,NB,NB
Ironjotun,F,NOT NB,NOT NB
znmeb,M,NOT NB,NOT NB
maxmasure,NB,NB,NOT NB
msmegmassey,F,NOT NB,NOT NB
meaganintx,F,NOT NB,NOT NB
ogflavorsstan,NB,NB,NB
WritNelson,M,NOT NB,NOT NB
kiran_oliver,NB,NB,NB
asg__creations,NB,NB,NOT NB
DanceforMyself,NB,NB,NOT NB
Shedrawsnigh,F,NOT NB,NOT NB
jhinthony,M,NOT NB,NB
robertemilem,M,NOT NB,NOT NB
BeefGriller,M,NOT NB,NOT NB
babybirkinbag,NB,NB,NB
sorenwork,NB,NB,NOT NB
shelvethebooks,NB,NB,NB
nextpivotpoint,F,NOT NB,NOT NB
meaganintx,F,NOT NB,NOT NB
adapperprof,F,NOT NB,NB
PonderEducation,M,NOT NB,NOT NB
docpalindrome,M,NOT NB,NOT NB
2014ORTOY,M,NOT NB,NOT NB
dudleypj,M,NOT NB,NOT NB
DN_Bryn,NB,NB,NB
SilverlionPrime,M,NOT NB,NOT NB
jathko,M,NOT NB,NOT NB
suffolkvicar,M,NOT NB,NOT NB
LeslieJoy1,F,NOT NB,NOT NB
immacuIatechaos,NB,NB,NB
erinkburrell,F,NOT NB,NB
JamieSuchomel,F,NOT NB,NOT NB
riymix,M,NOT NB,NB
BeverlyYanuaria,F,NOT NB,NOT NB
loeyjopez07,M,NOT NB,NOT NB
joy_hoffman,F,NOT NB,NOT NB
cynicalbrock,M,NOT NB,NOT NB
showardtweets,F,NOT NB,NOT NB
chrisgwilliams,M,NOT NB,NOT NB
leilazadeh,F,NOT NB,NOT NB
kevinlwei,NB,NB,NB
Anne_Kanopi,F,NOT NB,NOT NB
KevinYa13099403,M,NOT NB,NOT NB
EliPresidente,M,NOT NB,NB
LauraJDouds,NB,NB,NB
riymix,M,NOT NB,NOT NB
TeamSallySez,F,NOT NB,NOT NB
pancake_bitch,NB,NB,NB
GinaViolaPeake,F,NOT NB,NOT NB
AlyssaGins,F,NOT NB,NOT NB
TheJasonGreene,M,NOT NB,NOT NB
pancake_bitch,NB,NB,NOT NB
JVTrev,NB,NB,NOT NB
smarmyliberal,F,NOT NB,NOT NB
TawnyRoseCase,NB,NB,NOT NB
pancake_bitch,NB,NB,NB
shengxiaoyu,F,NOT NB,NOT NB
austen_writes_,NB,NB,NOT NB
TheRevMDM,M,NOT NB,NOT NB
darcy,M,NOT NB,NOT NB
EEADHorne,F,NOT NB,NOT NB
hld4ransom,F,NOT NB,NOT NB
nylah_reviews,F,NOT NB,NB
ShantaDotCa,F,NOT NB,NOT NB
RisukaMisai,NB,NB,NB
suzannemrivera,F,NOT NB,NOT NB
tiffanymjewell,F,NOT NB,NOT NB
thzinc,M,NOT NB,NOT NB
BowtiesBooks,NB,NB,NB
thegaythey,NB,NB,NOT NB
loeyjopez07,M,NOT NB,NOT NB
TwitchWasHere,NB,NB,NOT NB
TallTechy,F,NOT NB,NOT NB
gaballinger,F,NOT NB,NB
gayspacepilot,NB,NB,NOT NB
melissabalsan,F,NOT NB,NOT NB
smolnswole,NB,NB,NOT NB
almost5feet,F,NOT NB,NOT NB
CurtisCChen,M,NOT NB,NOT NB
JuliusGoat,M,NOT NB,NOT NB
DadBeard,M,NOT NB,NOT NB
makemarks77,M,NOT NB,NOT NB
jvlioedel,NB,NB,NB
okiewhaler,M,NOT NB,NOT NB
partlycara,NB,NB,NOT NB
trechriron,M,NOT NB,NOT NB
marteki,F,NOT NB,NOT NB
underscoretire,M,NOT NB,NB
CABreretonKY,F,NOT NB,NOT NB
babybirkinbag,NB,NB,NOT NB
roeldobbe,M,NOT NB,NOT NB
Swell09,F,NOT NB,NOT NB
HESherman,M,NOT NB,NOT NB
4damHall,M,NOT NB,NOT NB
slayerscommathe,NB,NB,NOT NB
ScritchfieldRD,F,NOT NB,NOT NB
CABreretonKY,F,NOT NB,NOT NB
paymentsexpert,M,NOT NB,NOT NB
VioletFireBee,NB,NB,NOT NB
calvincamps,NB,NB,NOT NB
joy_hoffman,F,NOT NB,NOT NB
2014ORTOY,M,NOT NB,NOT NB
tha_rami,M,NOT NB,NOT NB
BucketheadCase,M,NOT NB,NOT NB
m__fluke,NB,NB,NOT NB
stevie__mx,NB,NB,NB
dan_h72,M,NOT NB,NOT NB
AimiHamraie,NB,NB,NB
the_jasper_jane,NB,NB,NB
DanceforMyself,NB,NB,NOT NB
wee_bairn,M,NOT NB,NB
milokp,NB,NB,NOT NB
thegaythey,NB,NB,NOT NB
tstockstein,F,NOT NB,NOT NB
jensinkler,F,NOT NB,NOT NB
kevinlwei,NB,NB,NOT NB
josueisbaby,NB,NB,NB
ForWyo,F,NOT NB,NOT NB
teachingmissk,F,NOT NB,NOT NB
Spatial_Punk,NB,NB,NOT NB
anthoknees,NB,NB,NB
Zenorobster,M,NOT NB,NOT NB
DomDiFurio,M,NOT NB,NOT NB
shesthefirst,F,NOT NB,NOT NB
teachingmissk,F,NOT NB,NB
camikaos,F,NOT NB,NOT NB
kim_alloway,NB,NB,NOT NB
PaulKawika,M,NOT NB,NOT NB
HESherman,M,NOT NB,NOT NB
leahtova,NB,NB,NOT NB
lalonsocorona,NB,NB,NB
hiddeninabook,F,NOT NB,NOT NB
riccjohn,M,NOT NB,NOT NB
catrocketship,NB,NB,NOT NB
kim_hoyos,F,NOT NB,NOT NB
d0tdotter,NB,NB,NOT NB
maddywiebe97,NB,NB,NB
devicenull,M,NOT NB,NOT NB
CommsGeekJamie,F,NOT NB,NOT NB
SidewaysSiren,NB,NB,NB
Rebeckaht,NB,NB,NOT NB
mjgiarlo,M,NOT NB,NB
hld4ransom,F,NOT NB,NOT NB
Calcifer_S,NB,NB,NOT NB
RTWeirdZ,M,NOT NB,NOT NB
niamhnichuilinn,F,NOT NB,NOT NB
DeNovo_Fatima,F,NOT NB,NOT NB
joy_hoffman,F,NOT NB,NOT NB
tzottoladrift,F,NOT NB,NOT NB
AddieDomske,F,NOT NB,NOT NB
ShantaDotCa,F,NOT NB,NOT NB
anders_d_k,M,NOT NB,NOT NB
Rebeckaht,NB,NB,NOT NB
JessiHonard,F,NOT NB,NOT NB
wilko_lauren,NB,NB,NOT NB
imamusaller,NB,NB,NB
almost5feet,F,NOT NB,NOT NB
JeremyCShipp,NB,NB,NOT NB
PrestonMitchum,M,NOT NB,NOT NB
juniperinlatin,NB,NB,NOT NB
okiewhaler,M,NOT NB,NOT NB
FamDoc_Forest,F,NOT NB,NOT NB
SheWasHer,F,NOT NB,NB
coreyevanmusic,M,NOT NB,NOT NB
Mr_He_Me_Him,M,NOT NB,NOT NB
prickly_boi,NB,NB,NOT NB
JCKronin,NB,NB,NOT NB
AlfredLewislll,M,NOT NB,NB
Casually_Jay,M,NOT NB,NB
thicket,F,NOT NB,NOT NB
makemarks77,M,NOT NB,NOT NB
riymix,M,NOT NB,NOT NB
maddywiebe97,NB,NB,NB
gojirama,F,NOT NB,NOT NB
HistoryMuppet,M,NOT NB,NOT NB
FredTJoseph,M,NOT NB,NOT NB
okiewhaler,M,NOT NB,NOT NB
AtomicFirebird,NB,NB,NOT NB
zzzooeee,F,NOT NB,NB
TheOneTAR,NB,NB,NOT NB
chordaetendinae,NB,NB,NOT NB
underscoretire,M,NOT NB,NB
UA_Mr_Harrell,M,NOT NB,NOT NB
MSHenriksen,M,NOT NB,NOT NB
theshenners,NB,NB,NB
smuttychums,NB,NB,NB
Audiophilomilo,M,NOT NB,NOT NB
pastriesandcake,F,NOT NB,NOT NB
TwitchWasHere,NB,NB,NOT NB
AimiHamraie,NB,NB,NOT NB
AN_Goldstein,F,NOT NB,NOT NB
BryanLakatos,M,NOT NB,NOT NB
sjforman99,M,NOT NB,NOT NB
sr_brownwriter,NB,NB,NB
prmorphine,M,NOT NB,NOT NB
TheVersian,NB,NB,NB
kat_cahill,F,NOT NB,NOT NB
fleshloathe,NB,NB,NB
chordaetendinae,NB,NB,NOT NB
RTWeirdZ,M,NOT NB,NB
JasonCMarvin,M,NOT NB,NOT NB
DanitheEngineer,F,NOT NB,NOT NB
AtomicFirebird,NB,NB,NOT NB
kevinspenst,M,NOT NB,NOT NB
legalizegoblins,NB,NB,NB
TheJasonGreene,M,NOT NB,NOT NB
KevinYa13099403,M,NOT NB,NOT NB
carr_8,F,NOT NB,NOT NB
Anne_Kanopi,F,NOT NB,NOT NB
cpa12k,NB,NB,NOT NB
yukonmike80,M,NOT NB,NOT NB
gsnedders,NB,NB,NB
thicket,F,NOT NB,NOT NB
VS_Holmes,NB,NB,NOT NB
crewmanalex,NB,NB,NOT NB
smuttychums,NB,NB,NB
GleamDavis,F,NOT NB,NOT NB
_mpoe,NB,NB,NOT NB
Harrysgd,F,NOT NB,NOT NB
dodgethistweet,M,NOT NB,NOT NB
llimcole,F,NOT NB,NOT NB
BroussardRhonda,F,NOT NB,NOT NB
skpodila,F,NOT NB,NOT NB
JuliusGoat,M,NOT NB,NOT NB
devicenull,M,NOT NB,NOT NB
BeverlyYanuaria,F,NOT NB,NOT NB
ShantaDotCa,F,NOT NB,NOT NB
PossumOtroy,NB,NB,NB
Audiophilomilo,M,NOT NB,NOT NB
wee_bairn,M,NOT NB,NOT NB
emilyfleuriot,F,NOT NB,NOT NB
butchspoonie,NB,NB,NB
DrMLChivers,F,NOT NB,NOT NB
MrChambersMS,M,NOT NB,NOT NB
MillennialXpert,F,NOT NB,NOT NB
robertemilem,M,NOT NB,NOT NB
RLynneHarris,F,NOT NB,NOT NB
maddywiebe97,NB,NB,NB
eswtang,M,NOT NB,NOT NB
gothfagg0t,M,NOT NB,NB
RiderOfBrohon,NB,NB,NOT NB
d0tdotter,NB,NB,NOT NB
grooveplex,M,NOT NB,NOT NB
blanketperson,M,NOT NB,NOT NB
anthonybgay1,NB,NB,NB
dalehirt,M,NOT NB,NOT NB
centralscot,M,NOT NB,NOT NB
_awwsmm,M,NOT NB,NOT NB
daydreamacnh,NB,NB,NB
fairytopialex,NB,NB,NB
stevie__mx,NB,NB,NB
wilko_lauren,NB,NB,NB
AmmehMorton,NB,NB,NB
ArtioMurphy,NB,NB,NOT NB
ellenblunsdon,F,NOT NB,NB
Calcifer_S,NB,NB,NB
AddieDomske,F,NOT NB,NOT NB
AliceSkary,NB,NB,NB
mawillcockson,NB,NB,NOT NB
ellenblunsdon,F,NOT NB,NB
DeNovo_Fatima,F,NOT NB,NOT NB
MrChambersMS,M,NOT NB,NOT NB
jbakernyc,F,NOT NB,NOT NB
TwitchWasHere,NB,NB,NOT NB
anuomni,NB,NB,NB
MeeraCK,F,NOT NB,NOT NB
msmegmassey,F,NOT NB,NOT NB
MWSchollenberg,M,NOT NB,NOT NB
gordonjdruby,M,NOT NB,NOT NB
JamilaMHammami,NB,NB,NB
SidewaysSiren,NB,NB,NB
TheObeeReardon,F,NOT NB,NOT NB
ClariceDAiello,F,NOT NB,NOT NB
allyrosecoll,F,NOT NB,NOT NB
EPantano,M,NOT NB,NOT NB
AKapilashrami,F,NOT NB,NOT NB
BenSandfelder,M,NOT NB,NOT NB
DanitheEngineer,F,NOT NB,NOT NB
HESherman,M,NOT NB,NOT NB
anthonybgay1,NB,NB,NOT NB
StringBassMotiv,M,NOT NB,NOT NB
angraleigh,F,NOT NB,NOT NB
shengxiaoyu,F,NOT NB,NOT NB
SweetVanLoan,F,NOT NB,NOT NB
PossumOtroy,NB,NB,NB
Mr_He_Me_Him,M,NOT NB,NOT NB
dudleypj,M,NOT NB,NOT NB
_mpoe,NB,NB,NB
GreenCPA,M,NOT NB,NOT NB
grooveplex,M,NOT NB,NOT NB
AN_Goldstein,F,NOT NB,NOT NB
allyrosecoll,F,NOT NB,NOT NB
ShaughnessyEmmy,F,NOT NB,NOT NB
goth_theyfriend,NB,NB,NB
DN_Bryn,NB,NB,NB
alightningrod,NB,NB,NOT NB
hawklord2112,M,NOT NB,NOT NB
nextpivotpoint,F,NOT NB,NOT NB
_Auntie_Aimee,F,NOT NB,NOT NB
Candi,F,NOT NB,NOT NB
roeldobbe,M,NOT NB,NOT NB
loeyjopez07,M,NOT NB,NOT NB
TheObeeReardon,F,NOT NB,NOT NB
ForWyo,F,NOT NB,NOT NB
efboltz,F,NOT NB,NOT NB
TheyThemTheEli,NB,NB,NB
WispsOfLove,NB,NB,NB
Audiophilomilo,M,NOT NB,NOT NB
gojirama,F,NOT NB,NOT NB
kim_alloway,NB,NB,NB
HeyDoryen,NB,NB,NOT NB
Zenorobster,M,NOT NB,NOT NB
KrisEmilyMD,F,NOT NB,NOT NB
AlyssaGins,F,NOT NB,NOT NB
RaymondForbes,M,NOT NB,NOT NB
imamusaller,NB,NB,NOT NB
kitsisto,NB,NB,NOT NB
amberlynprince,F,NOT NB,NOT NB
shelvethebooks,NB,NB,NOT NB
clubnobbie,M,NOT NB,NOT NB
jmugele,M,NOT NB,NOT NB
babybirkinbag,NB,NB,NB
HerArtSheLoves,F,NOT NB,NOT NB
msmegmassey,F,NOT NB,NOT NB
meaganintx,F,NOT NB,NOT NB
AliceSkary,NB,NB,NB
_runfatgirlrun,F,NOT NB,NOT NB
Anne_Kanopi,F,NOT NB,NOT NB
fleshloathe,NB,NB,NB
asg__creations,NB,NB,NOT NB
AshleyThaoDam,NB,NB,NOT NB
_mpoe,NB,NB,NB
zzzooeee,F,NOT NB,NOT NB
JAMEE_NICOLEE,NB,NB,NB
alisonailea,NB,NB,NB
FamDoc_Forest,F,NOT NB,NOT NB
CindyPAndrew1,F,NOT NB,NOT NB
VS_Holmes,NB,NB,NOT NB
newsmansimon,M,NOT NB,NOT NB
ScritchfieldRD,F,NOT NB,NOT NB
jaimemere,F,NOT NB,NOT NB
underscoretire,M,NOT NB,NB
gsnedders,NB,NB,NB
bybencarrier,M,NOT NB,NB
goldenthem,NB,NB,NB
jamestallosi,M,NOT NB,NOT NB
EEADHorne,F,NOT NB,NOT NB
TheVersian,NB,NB,NB
MrJoeJenkins,M,NOT NB,NOT NB
kim_alloway,NB,NB,NOT NB
TwitchWasHere,NB,NB,NB
AmmehMorton,NB,NB,NOT NB
_MistyGraves_,NB,NB,NB
cwalterswrite,M,NOT NB,NOT NB
vkatariya8,M,NOT NB,NOT NB
ladiesbewild,F,NOT NB,NB
ellenblunsdon,F,NOT NB,NB
marteki,F,NOT NB,NOT NB
Aliwaba,F,NOT NB,NOT NB
tisaneg,M,NOT NB,NOT NB
warofthesuburbs,M,NOT NB,NOT NB
andybelford,M,NOT NB,NOT NB
BilldeBlasio,M,NOT NB,NOT NB
CherylRainfield,F,NOT NB,NB
kmishmael,F,NOT NB,NOT NB
shmuel,M,NOT NB,NOT NB
tstockstein,F,NOT NB,NOT NB
fairytopialex,NB,NB,NB
Der_Pesse,M,NOT NB,NOT NB
JVTrev,NB,NB,NOT NB
riccjohn,M,NOT NB,NOT NB
BryanLakatos,M,NOT NB,NOT NB
fierybelly,F,NOT NB,NOT NB
HESherman,M,NOT NB,NOT NB
bybencarrier,M,NOT NB,NOT NB
msmegmassey,F,NOT NB,NOT NB
leilazadeh,F,NOT NB,NOT NB
nagnagnag,M,NOT NB,NOT NB
KateLechler,F,NOT NB,NOT NB
startupjedi,M,NOT NB,NOT NB
HESherman,M,NOT NB,NOT NB
EPantano,M,NOT NB,NOT NB
kat_cahill,F,NOT NB,NOT NB
kercoby,NB,NB,NOT NB
kiran_oliver,NB,NB,NB
TimLumpkins,M,NOT NB,NOT NB
amberlynprince,F,NOT NB,NOT NB
pastordj,M,NOT NB,NOT NB
KrisEmilyMD,F,NOT NB,NOT NB
SunshineChasing,F,NOT NB,NOT NB
ScritchfieldRD,F,NOT NB,NOT NB
zzzooeee,F,NOT NB,NOT NB
gsnedders,NB,NB,NOT NB
kiran_oliver,NB,NB,NB
PDMurphy01810,M,NOT NB,NOT NB
yukonmike80,M,NOT NB,NOT NB
RHicks,F,NOT NB,NOT NB
samleehartsock,F,NOT NB,NOT NB
Jen_Ingham,F,NOT NB,NOT NB
alightningrod,NB,NB,NOT NB
maxmasure,NB,NB,NOT NB
HistoryMuppet,M,NOT NB,NOT NB
TheAtomicMommy,F,NOT NB,NOT NB
ladiesbewild,F,NOT NB,NB
darcy,M,NOT NB,NOT NB
TerriMLeBlanc,F,NOT NB,NOT NB
tisaneg,M,NOT NB,NOT NB
TheJasonGreene,M,NOT NB,NOT NB
CommsGeekJamie,F,NOT NB,NOT NB
Audiophilomilo,M,NOT NB,NOT NB
SarahSloane,F,NOT NB,NOT NB
RiderOfBrohon,NB,NB,NB
desikitteh,NB,NB,NOT NB
Ravelyn,F,NOT NB,NOT NB
WritNelson,M,NOT NB,NOT NB
KotaLee11,NB,NB,NOT NB
sjw_LauraKinney,NB,NB,NOT NB
LauraJDouds,NB,NB,NOT NB
anuomni,NB,NB,NB
Archainis,M,NOT NB,NOT NB
MsMandyJ,F,NOT NB,NOT NB
cybershaz,F,NOT NB,NOT NB
MWSchollenberg,M,NOT NB,NOT NB
marcscheff,M,NOT NB,NOT NB
ShantaDotCa,F,NOT NB,NOT NB
sorenwork,NB,NB,NOT NB
austen_writes_,NB,NB,NB
itswalela,NB,NB,NB
obeykaedra,NB,NB,NB
_awwsmm,M,NOT NB,NOT NB
SunshineChasing,F,NOT NB,NOT NB
lizfromsela,F,NOT NB,NOT NB
TheObeeReardon,F,NOT NB,NOT NB
jamsternazzy,NB,NB,NB
CurtisCChen,M,NOT NB,NOT NB
magdajoyce,F,NOT NB,NOT NB
marteki,F,NOT NB,NOT NB
AtomicFirebird,NB,NB,NOT NB
obeykaedra,NB,NB,NB
leilazadeh,F,NOT NB,NOT NB
James_C_Mccloy,M,NOT NB,NOT NB
brendajos,F,NOT NB,NOT NB
nylah_reviews,F,NOT NB,NOT NB
nicycle,F,NOT NB,NB
josueisbaby,NB,NB,NB
HistoryMuppet,M,NOT NB,NOT NB
loeyjopez07,M,NOT NB,NOT NB
ryanlpainter,M,NOT NB,NOT NB
enbylu,NB,NB,NB
RiderOfBrohon,NB,NB,NB
zachhynes,M,NOT NB,NOT NB
Swell09,F,NOT NB,NOT NB
startupjedi,M,NOT NB,NOT NB
axhawk,M,NOT NB,NOT NB
Candi,F,NOT NB,NOT NB
zzzooeee,F,NOT NB,NOT NB
slayerscommathe,NB,NB,NB
AndiDealsPoker,F,NOT NB,NOT NB
angraleigh,F,NOT NB,NOT NB
TheWallner,F,NOT NB,NOT NB
catrocketship,NB,NB,NOT NB
nevadawolfe,M,NOT NB,NB
daydreamacnh,NB,NB,NOT NB
darkskintrudeau,NB,NB,NOT NB
BigggRusss,M,NOT NB,NOT NB
carr_8,F,NOT NB,NOT NB
hiddeninabook,F,NOT NB,NOT NB
RobKendt,M,NOT NB,NOT NB
Curufea,M,NOT NB,NOT NB
gaballinger,F,NOT NB,NOT NB
MeeraCK,F,NOT NB,NOT NB
slayerscommathe,NB,NB,NOT NB
makmakdaddy,F,NOT NB,NOT NB
SweetVanLoan,F,NOT NB,NB
Curufea,M,NOT NB,NOT NB
Dr_Ronx,NB,NB,NOT NB
d0tdotter,NB,NB,NOT NB
FredTJoseph,M,NOT NB,NOT NB
lizfromsela,F,NOT NB,NOT NB
dogbitebaby,NB,NB,NB
EpicGlitterYay,NB,NB,NOT NB
TheyThemTheEli,NB,NB,NB
GinaViolaPeake,F,NOT NB,NOT NB
blanketperson,M,NOT NB,NOT NB
AndreasAdHoc,NB,NB,NB
TwitchWasHere,NB,NB,NOT NB
carriefox,F,NOT NB,NOT NB
cybershaz,F,NOT NB,NOT NB
LELIAHSADE,NB,NB,NB
Candi,F,NOT NB,NOT NB
PonderEducation,M,NOT NB,NOT NB
trechriron,M,NOT NB,NOT NB
belchetron,M,NOT NB,NOT NB
goldenthem,NB,NB,NB
smarmyliberal,F,NOT NB,NOT NB
angraleigh,F,NOT NB,NOT NB
NadkarniNamrata,F,NOT NB,NOT NB
mr_shiny,M,NOT NB,NOT NB
cpa12k,NB,NB,NOT NB
sekisetsu,NB,NB,NOT NB
khal_essie,F,NOT NB,NOT NB
Kmlaffs,F,NOT NB,NOT NB
tstockstein,F,NOT NB,NOT NB
Scuffsta,NB,NB,NOT NB
__livvv_,F,NOT NB,NOT NB
TonyChatman,M,NOT NB,NOT NB
namesescapeme,F,NOT NB,NOT NB
marcscheff,M,NOT NB,NOT NB
dudleypj,M,NOT NB,NOT NB
emilyfleuriot,F,NOT NB,NOT NB
MC_of_A,M,NOT NB,NOT NB
magdajoyce,F,NOT NB,NOT NB
DuaneAnders,M,NOT NB,NOT NB
kevinspenst,M,NOT NB,NOT NB
leahtova,NB,NB,NOT NB
stevie__mx,NB,NB,NB
efboltz,F,NOT NB,NB
Scuffsta,NB,NB,NOT NB
efboltz,F,NOT NB,NOT NB
joy_hoffman,F,NOT NB,NOT NB
jensinkler,F,NOT NB,NB
spookygirl,F,NOT NB,NOT NB
Archainis,M,NOT NB,NOT NB
ShantaDotCa,F,NOT NB,NOT NB
gothfagg0t,M,NOT NB,NB
Echo_Heo,NB,NB,NB
poemsboutpoetry,M,NOT NB,NOT NB
acbowen,M,NOT NB,NOT NB
JAMEE_NICOLEE,NB,NB,NB
SamDurbin1,F,NOT NB,NOT NB
robertemilem,M,NOT NB,NOT NB
leilazadeh,F,NOT NB,NOT NB
oddin85,M,NOT NB,NOT NB
SpenserStarke,M,NOT NB,NOT NB
KateLechler,F,NOT NB,NB
RLynneHarris,F,NOT NB,NOT NB
PVeritySuarez,F,NOT NB,NOT NB
Casually_Jay,M,NOT NB,NB
MC_of_A,M,NOT NB,NOT NB
JasonCMarvin,M,NOT NB,NOT NB
AlexHarrowSFF,NB,NB,NB
Zenorobster,M,NOT NB,NOT NB
chrisgwilliams,M,NOT NB,NOT NB
daydreamacnh,NB,NB,NB
NifMuhammad,M,NOT NB,NOT NB
teachingmissk,F,NOT NB,NOT NB
allyrosecoll,F,NOT NB,NOT NB
TawnyRoseCase,NB,NB,NB
MeeraCK,F,NOT NB,NOT NB
jhinthony,M,NOT NB,NB
inspirasian51,NB,NB,NOT NB
JaimeLidgard,NB,NB,NB
robiliciousnz,M,NOT NB,NOT NB
KateLechler,F,NOT NB,NB
CurtisCChen,M,NOT NB,NOT NB
JohannesEvans,M,NOT NB,NOT NB
charliehersh,NB,NB,NOT NB
TheObeeReardon,F,NOT NB,NOT NB
stevie__mx,NB,NB,NB
dan_foreman_EC,M,NOT NB,NOT NB
dodgethistweet,M,NOT NB,NOT NB
shamarbeverly,M,NOT NB,NB
SParSuperStar,F,NOT NB,NOT NB
nylah_reviews,F,NOT NB,NOT NB
roeldobbe,M,NOT NB,NOT NB
DuaneAnders,M,NOT NB,NOT NB
brenda_slomka,F,NOT NB,NOT NB
kitsisto,NB,NB,NB
everestpipkin,NB,NB,NOT NB
AJbigbadWolff,F,NOT NB,NOT NB
Calcifer_S,NB,NB,NB
kevinspenst,M,NOT NB,NOT NB
Nancy_RS_Parson,F,NOT NB,NB
zannalyons,F,NOT NB,NOT NB
sekisetsu,NB,NB,NOT NB
AimiHamraie,NB,NB,NOT NB
Casually_Jay,M,NOT NB,NOT NB
annaecook,F,NOT NB,NOT NB
WritNelson,M,NOT NB,NB
RobKendt,M,NOT NB,NB
jetharrington,F,NOT NB,NOT NB
crewmanalex,NB,NB,NOT NB
wyrdgaest,M,NOT NB,NOT NB
RobKendt,M,NOT NB,NB
pattonsanders_q,M,NOT NB,NOT NB
llimcole,F,NOT NB,NOT NB
shesthefirst,F,NOT NB,NOT NB
kvetchingguru,M,NOT NB,NOT NB
DomDiFurio,M,NOT NB,NOT NB
KevinIrvineChi,M,NOT NB,NOT NB
gsnedders,NB,NB,NB
magdajoyce,F,NOT NB,NOT NB
helllpapii,NB,NB,NB
Candi,F,NOT NB,NOT NB
Debbieterras,F,NOT NB,NOT NB
prmorphine,M,NOT NB,NOT NB
ScritchfieldRD,F,NOT NB,NOT NB
mjgiarlo,M,NOT NB,NOT NB
luxxe_ember,NB,NB,NB
BenSandfelder,M,NOT NB,NOT NB
shengxiaoyu,F,NOT NB,NOT NB
alightningrod,NB,NB,NOT NB
Spatial_Punk,NB,NB,NB
jmugele,M,NOT NB,NOT NB
showardtweets,F,NOT NB,NOT NB
EPantano,M,NOT NB,NOT NB
RiaOtero,F,NOT NB,NOT NB
austen_writes_,NB,NB,NOT NB
ladiesbewild,F,NOT NB,NOT NB
the_jasper_jane,NB,NB,NB
jonosapien,M,NOT NB,NOT NB
Archainis,M,NOT NB,NOT NB
SParSuperStar,F,NOT NB,NOT NB
JoEatsFood,NB,NB,NB
Stacyc55,F,NOT NB,NOT NB
alightningrod,NB,NB,NOT NB
RoaringHometown,M,NOT NB,NB
Dr_Ronx,NB,NB,NOT NB
wilko_lauren,NB,NB,NOT NB
cluelessthembo,NB,NB,NB
Ravelyn,F,NOT NB,NOT NB
BeckyAnnison,F,NOT NB,NOT NB
carr_8,F,NOT NB,NOT NB
jaimemere,F,NOT NB,NOT NB
TawnyRoseCase,NB,NB,NOT NB
Spatial_Punk,NB,NB,NOT NB
dan_h72,M,NOT NB,NOT NB
alightningrod,NB,NB,NOT NB
suffolkvicar,M,NOT NB,NOT NB
okiewhaler,M,NOT NB,NOT NB
OhHeyDJ,M,NOT NB,NOT NB
BlueRoseNZ,F,NOT NB,NB
loeyjopez07,M,NOT NB,NOT NB
paymentsexpert,M,NOT NB,NOT NB
namesescapeme,F,NOT NB,NB
ShaughnessyEmmy,F,NOT NB,NOT NB
M_A_Ormerod,M,NOT NB,NOT NB
mawillcockson,NB,NB,NOT NB
zannalyons,F,NOT NB,NOT NB
M_A_Ormerod,M,NOT NB,NOT NB
Kmlaffs,F,NOT NB,NOT NB
asg__creations,NB,NB,NB
debdef,F,NOT NB,NOT NB
gemmacaf,F,NOT NB,NOT NB
zachhynes,M,NOT NB,NOT NB
enemyoftrust,NB,NB,NOT NB
graciedactyl,F,NOT NB,NB
kurtistowne,NB,NB,NB
docpalindrome,M,NOT NB,NOT NB
__livvv_,F,NOT NB,NOT NB
wyrdgaest,M,NOT NB,NOT NB
charliehersh,NB,NB,NOT NB
IanCrookshank,M,NOT NB,NOT NB
Dr_Ronx,NB,NB,NB
ladiesbewild,F,NOT NB,NB
ShaughnessyEmmy,F,NOT NB,NOT NB
neonmoonmilk,NB,NB,NB
clubnobbie,M,NOT NB,NB
Merc_Wolfmoor,NB,NB,NB
fleshloathe,NB,NB,NB
RLynneHarris,F,NOT NB,NOT NB
abbsnocon,F,NOT NB,NOT NB
hesterchill,NB,NB,NOT NB
dodgethistweet,M,NOT NB,NOT NB
JoEatsFood,NB,NB,NOT NB
Ironjotun,F,NOT NB,NB
TheWallner,F,NOT NB,NOT NB
zachhynes,M,NOT NB,NOT NB
FredTJoseph,M,NOT NB,NOT NB
TheyThemTheEli,NB,NB,NOT NB
thelizzypearl,F,NOT NB,NOT NB
anders_d_k,M,NOT NB,NOT NB
JennaMagnuski,F,NOT NB,NOT NB
anders_d_k,M,NOT NB,NOT NB
PDMurphy01810,M,NOT NB,NOT NB
thelizzypearl,F,NOT NB,NB
StormyBuckets,NB,NB,NOT NB
pastordj,M,NOT NB,NOT NB
PeterJKuo,M,NOT NB,NOT NB
leilazadeh,F,NOT NB,NOT NB
nextpivotpoint,F,NOT NB,NOT NB
prmorphine,M,NOT NB,NOT NB
wyrdgaest,M,NOT NB,NOT NB
kim_alloway,NB,NB,NOT NB
smarmyliberal,F,NOT NB,NB
debdef,F,NOT NB,NOT NB
Ravelyn,F,NOT NB,NOT NB
HistoryNed,M,NOT NB,NOT NB
GinaViolaPeake,F,NOT NB,NOT NB
DeNovo_Fatima,F,NOT NB,NOT NB
maxmasure,NB,NB,NOT NB
newsmansimon,M,NOT NB,NOT NB
MsMandyJ,F,NOT NB,NOT NB
PeterJKuo,M,NOT NB,NOT NB
BroussardRhonda,F,NOT NB,NOT NB
nickytonline,M,NOT NB,NOT NB
smolnswole,NB,NB,NOT NB
TisforTMI,F,NOT NB,NOT NB
AN_Goldstein,F,NOT NB,NOT NB
sallyrose1214,F,NOT NB,NOT NB
alisonailea,NB,NB,NOT NB
sr_brownwriter,NB,NB,NB
DeNovo_Fatima,F,NOT NB,NOT NB
amacduffking,F,NOT NB,NOT NB
tstockstein,F,NOT NB,NOT NB
akeisha09,F,NOT NB,NOT NB
mcnees,M,NOT NB,NOT NB
gsnedders,NB,NB,NB
VioletFireBee,NB,NB,NOT NB
FamDoc_Forest,F,NOT NB,NOT NB
spookygirl,F,NOT NB,NOT NB
LanceBass,M,NOT NB,NOT NB
JamieSuchomel,F,NOT NB,NOT NB
simpleaslight,NB,NB,NB
asg__creations,NB,NB,NB
chrisgwilliams,M,NOT NB,NB
debdef,F,NOT NB,NOT NB
LeslieJoy1,F,NOT NB,NOT NB
anuomni,NB,NB,NB
jguard_24,M,NOT NB,NOT NB
cluelessthembo,NB,NB,NB
zachhynes,M,NOT NB,NOT NB
partlycara,NB,NB,NB
AmmehMorton,NB,NB,NOT NB
BroussardRhonda,F,NOT NB,NOT NB
KevinIrvineChi,M,NOT NB,NOT NB
emilyfleuriot,F,NOT NB,NOT NB
PaulKawika,M,NOT NB,NOT NB
chic0junit,M,NOT NB,NOT NB
JaimeLidgard,NB,NB,NB
TheTattooedProf,M,NOT NB,NOT NB
_Auntie_Aimee,F,NOT NB,NOT NB
gordonjdruby,M,NOT NB,NOT NB
BeverlyYanuaria,F,NOT NB,NOT NB
anuomni,NB,NB,NB
TheyThemTheEli,NB,NB,NOT NB
MrJoeJenkins,M,NOT NB,NOT NB
smuttychums,NB,NB,NB
FredTJoseph,M,NOT NB,NOT NB
suzannemrivera,F,NOT NB,NOT NB
TimLumpkins,M,NOT NB,NOT NB
husslington,M,NOT NB,NOT NB
rob_kabobb,M,NOT NB,NOT NB
wee_bairn,M,NOT NB,NB
AimiHamraie,NB,NB,NOT NB
marcscheff,M,NOT NB,NOT NB
MrJoeJenkins,M,NOT NB,NOT NB
TheBlackFemVeg,NB,NB,NOT NB
Maybe_Ketamine,F,NOT NB,NB
NifMuhammad,M,NOT NB,NB
MsMandyJ,F,NOT NB,NOT NB
wyrdgaest,M,NOT NB,NOT NB
Beforehand,NB,NB,NOT NB
Stacyc55,F,NOT NB,NOT NB
DeNovo_Fatima,F,NOT NB,NOT NB
iGregoryJohnson,M,NOT NB,NOT NB
zzzooeee,F,NOT NB,NOT NB
Maybe_Ketamine,F,NOT NB,NOT NB
TheJasonGreene,M,NOT NB,NOT NB
juniperinlatin,NB,NB,NOT NB
teachingmissk,F,NOT NB,NOT NB
ShesHerOwnCEO,F,NOT NB,NOT NB
goldenthem,NB,NB,NOT NB
ShantaDotCa,F,NOT NB,NOT NB
LELIAHSADE,NB,NB,NB
graciedactyl,F,NOT NB,NOT NB
__livvv_,F,NOT NB,NOT NB
traviszinnel,M,NOT NB,NOT NB
jmugele,M,NOT NB,NOT NB
jessicaeburke,F,NOT NB,NB
scotryder,M,NOT NB,NOT NB
crewmanalex,NB,NB,NOT NB
OhHeyDJ,M,NOT NB,NB
FredTJoseph,M,NOT NB,NOT NB
EliPresidente,M,NOT NB,NOT NB
pattonsanders_q,M,NOT NB,NOT NB
NadkarniNamrata,F,NOT NB,NOT NB
goth_theyfriend,NB,NB,NB
NifMuhammad,M,NOT NB,NOT NB
teachingmissk,F,NOT NB,NOT NB
calvincamps,NB,NB,NOT NB
ClariceDAiello,F,NOT NB,NOT NB
centralscot,M,NOT NB,NOT NB
DanaeWriting,NB,NB,NB
stephrwhite11,F,NOT NB,NOT NB
briantschu,M,NOT NB,NOT NB
gantpants,M,NOT NB,NOT NB
KateEMontgomery,F,NOT NB,NOT NB
gauravsabnis,M,NOT NB,NOT NB
lilamayhiggins,F,NOT NB,NOT NB
TrinityTheTuck,NB,NB,NOT NB
emilyfleuriot,F,NOT NB,NOT NB
Nylons,F,NOT NB,NOT NB
smolnswole,NB,NB,NB
lilamayhiggins,F,NOT NB,NOT NB
EdConsult01581,F,NOT NB,NOT NB
tisaneg,M,NOT NB,NOT NB
poemsboutpoetry,M,NOT NB,NB
coreyevanmusic,M,NOT NB,NOT NB
wilko_lauren,NB,NB,NB
__livvv_,F,NOT NB,NOT NB
sjw_LauraKinney,NB,NB,NB
cyanbloomm,NB,NB,NB
lbdehertogh,F,NOT NB,NOT NB
butchspoonie,NB,NB,NB
HESherman,M,NOT NB,NOT NB
zachhynes,M,NOT NB,NOT NB
everestpipkin,NB,NB,NOT NB
leftside,M,NOT NB,NOT NB
allyrosecoll,F,NOT NB,NOT NB
SilverlionPrime,M,NOT NB,NB
IncredibleHulko,F,NOT NB,NOT NB
BlakeleyJenn,F,NOT NB,NOT NB
nightfury326,NB,NB,NB
cpa12k,NB,NB,NOT NB
hld4ransom,F,NOT NB,NOT NB
Zenorobster,M,NOT NB,NOT NB
marcscheff,M,NOT NB,NOT NB
BryanLakatos,M,NOT NB,NOT NB
JuliusGoat,M,NOT NB,NOT NB
TheAtomicMommy,F,NOT NB,NOT NB
jonnysun,M,NOT NB,NB
BlindMikah_Kez,NB,NB,NB
ladiesbewild,F,NOT NB,NOT NB
Stacyc55,F,NOT NB,NOT NB
Candi,F,NOT NB,NOT NB
smuttychums,NB,NB,NB
KateEMontgomery,F,NOT NB,NOT NB
zephariouself,NB,NB,NB
KateLechler,F,NOT NB,NOT NB
alisonailea,NB,NB,NOT NB
KimberlyGrommes,F,NOT NB,NOT NB
Nancy_RS_Parson,F,NOT NB,NOT NB
justjerdi,F,NOT NB,NOT NB
ogflavorsstan,NB,NB,NB
shmuel,M,NOT NB,NOT NB
andybelford,M,NOT NB,NOT NB
makemarks77,M,NOT NB,NOT NB
RachEttinger,F,NOT NB,NOT NB
DonnaSteff,F,NOT NB,NOT NB
stephrwhite11,F,NOT NB,NOT NB
ShantaDotCa,F,NOT NB,NOT NB
KimberlyGrommes,F,NOT NB,NOT NB
BlindMikah_Kez,NB,NB,NB
anthonybgay1,NB,NB,NOT NB
theshenners,NB,NB,NB
smarmyliberal,F,NOT NB,NB
carriefox,F,NOT NB,NOT NB
TheMudlily,F,NOT NB,NOT NB
lalonsocorona,NB,NB,NOT NB
darcy,M,NOT NB,NOT NB
stevie__mx,NB,NB,NOT NB
darkskintrudeau,NB,NB,NB
